sessionId,source,label,clickRatePerMin,repeatedClickCount,scrollCount,scrollDirectionChanges,avgPointerSpeed,keyPressCount,navigationCount,avgHesitationMs,maxHesitationMs,durationSec
"synthetic-high-0263","synthetic","high","57.76","4","32","7","665.44","82","3","5111.97","8188.16","215.39"
"synthetic-low-0117","synthetic","low","6","1","4","0","658.29","13","1","271.17","2410.08","26.92"
"synthetic-low-0229","synthetic","low","5.24","1","1","1","439.27","18","1","551.97","2159.01","42.38"
"synthetic-medium-0115","synthetic","medium","33.98","3","6","4","535.6","61","2","1213","5354.47","115.07"
"synthetic-low-0048","synthetic","low","11.55","1","1","1","632.17","30","1","464.82","1287.66","39.72"
"synthetic-low-0198","synthetic","low","15.2","1","2","1","360.34","31","0","280.44","1336.75","38.05"
"synthetic-medium-0043","synthetic","medium","31.17","4","7","2","384.81","52","3","1669.02","3055.8","83.78"
"synthetic-low-0045","synthetic","low","8.79","0","1","0","629.68","8","1","453.23","1174.46","41.18"
"synthetic-medium-0039","synthetic","medium","26.71","3","11","3","360.42","58","3","2065.03","5263.68","76.67"
"synthetic-low-0046","synthetic","low","11.89","1","1","1","516.51","16","1","786.41","920.46","57.03"
"synthetic-low-0116","synthetic","low","6.54","0","1","2","540.58","11","1","629.33","2494.3","65.51"
"synthetic-medium-0023","synthetic","medium","16.19","2","7","2","378.47","56","1","1812.3","4640.5","136.36"
"synthetic-low-0266","synthetic","low","12.98","1","7","0","647.9","15","1","496.6","2376.78","42.58"
"synthetic-medium-0216","synthetic","medium","16.75","1","6","4","332.73","63","1","1115.69","2885.75","148.55"
"synthetic-low-0020","synthetic","low","6.49","0","6","0","450.21","35","0","520.93","1611.23","37.11"
"synthetic-low-0285","synthetic","low","10.39","1","4","0","377.37","28","0","852.96","1445.08","36.2"
"synthetic-high-0034","synthetic","high","59.31","14","25","18","108.48","44","10","5044.4","12136.19","260.64"
"synthetic-high-0078","synthetic","high","44.43","4","30","19","444.73","52","5","3032.51","10016.94","327.12"
"synthetic-medium-0192","synthetic","medium","21.54","1","14","7","277.65","55","3","1684.67","5597.5","104.16"
"synthetic-medium-0224","synthetic","medium","16.14","1","10","3","268.12","48","4","1470.28","5970.92","94.29"
"synthetic-high-0059","synthetic","high","51.55","11","31","8","557.72","41","3","6437.24","7103.44","261.78"
"synthetic-high-0068","synthetic","high","37.41","11","22","14","469.67","76","8","6901.59","15532.1","152.78"
"synthetic-low-0049","synthetic","low","10.2","1","7","1","415.86","34","0","366.3","1101.41","57.09"
"synthetic-low-0011","synthetic","low","13.4","1","7","2","596.73","20","0","781.49","1842.18","40.83"
"synthetic-high-0040","synthetic","high","35.84","9","44","8","209.91","116","9","6271.08","13561.03","238.17"
"synthetic-high-0079","synthetic","high","44.95","13","39","8","580.08","84","9","6469.15","8048.87","212.32"
"synthetic-low-0090","synthetic","low","6.7","0","2","2","642.04","7","0","306.21","2269.03","30.67"
"synthetic-medium-0074","synthetic","medium","29.78","4","8","5","258.03","46","3","2025.65","6429.61","92.92"
"synthetic-low-0133","synthetic","low","11.27","0","3","0","746.7","21","0","504.84","2468.14","39.13"
"synthetic-low-0096","synthetic","low","11.14","1","7","2","704.12","26","0","331.63","1363.21","72.44"
"synthetic-high-0031","synthetic","high","48.65","4","21","11","686.8","63","10","4551.59","10549.93","254.69"
"synthetic-medium-0055","synthetic","medium","18.49","3","13","2","208.21","42","2","1337.17","5131.74","131.4"
"synthetic-high-0025","synthetic","high","29.04","6","41","16","368.38","94","5","4338.96","13559.29","325.37"
"synthetic-low-0025","synthetic","low","5.84","1","8","0","681.09","8","1","635.36","2129.65","55.5"
"synthetic-medium-0239","synthetic","medium","23.56","2","18","4","422.59","21","4","1329.41","6044.23","144.21"
"synthetic-low-0197","synthetic","low","10","1","4","2","631.24","30","1","686.56","1874.61","41.76"
"synthetic-medium-0277","synthetic","medium","27.53","4","16","2","508.49","20","4","1131.59","3925.89","98.57"
"synthetic-low-0276","synthetic","low","10.61","0","4","1","733.96","18","0","816.03","1063.44","61.76"
"synthetic-high-0080","synthetic","high","54.25","9","18","19","444.41","58","8","3510.17","17069.43","195.66"
"synthetic-low-0064","synthetic","low","8.26","0","6","0","715.81","5","0","572.34","2356.69","42.98"
"synthetic-medium-0288","synthetic","medium","18.04","3","16","2","546.97","27","2","1945.84","5146.38","145.09"
"synthetic-medium-0089","synthetic","medium","30.08","4","6","6","424.2","44","1","1252.11","4857.4","116.4"
"synthetic-low-0069","synthetic","low","7.28","0","8","0","484.46","24","0","347.74","1634.38","69.27"
"synthetic-medium-0171","synthetic","medium","19.84","4","8","6","412.23","57","1","2181.8","4564.24","140.79"
"synthetic-medium-0210","synthetic","medium","29.17","2","9","4","503.78","24","1","1578.38","5429.26","121.03"
"synthetic-low-0223","synthetic","low","8.07","1","6","2","587.65","35","0","803.37","1080.88","37.82"
"synthetic-low-0005","synthetic","low","11.54","1","1","0","509.64","32","0","859.61","1275.66","35.78"
"synthetic-low-0147","synthetic","low","6.18","1","8","0","630.77","10","1","427.1","1186.8","52.82"
"synthetic-low-0175","synthetic","low","13.03","0","8","1","651.57","16","0","393.51","1398.55","33.77"
"synthetic-medium-0009","synthetic","medium","18.95","2","16","7","488.19","45","4","1686.02","4488.98","71.88"
"synthetic-medium-0227","synthetic","medium","24.11","4","7","4","433.08","26","1","1155.85","3548.72","131.94"
"synthetic-medium-0102","synthetic","medium","28.42","2","12","6","421.88","64","4","2000.74","6270.17","103.41"
"synthetic-high-0072","synthetic","high","30.5","4","34","15","222.57","106","4","6491.9","7170.68","275.35"
"synthetic-low-0238","synthetic","low","12.8","0","3","2","478.18","32","1","299.31","2110.63","62.21"
"synthetic-medium-0056","synthetic","medium","26.29","3","12","5","466.79","42","3","1710.66","5256.43","111.2"
"synthetic-medium-0048","synthetic","medium","26.28","3","12","3","400.64","66","1","2458.47","6211.09","136.59"
"synthetic-medium-0247","synthetic","medium","30.47","2","6","2","285.2","36","2","1714.83","4453.95","74.5"
"synthetic-low-0062","synthetic","low","7.03","0","8","0","600.52","30","0","337.21","2018.45","40.14"
"synthetic-medium-0282","synthetic","medium","18.32","2","7","7","487.65","27","1","1024.78","3483.37","132.79"
"synthetic-low-0036","synthetic","low","6.41","0","4","2","371.95","31","0","888.41","2388.68","60.32"
"synthetic-medium-0061","synthetic","medium","28.05","2","9","5","258.44","35","3","1351.05","6065.55","144.15"
"synthetic-low-0274","synthetic","low","12.72","0","2","1","573.52","20","1","652.69","2180.8","27.83"
"synthetic-low-0044","synthetic","low","11.35","1","6","1","482.49","14","1","638.62","1873.91","39.38"
"synthetic-medium-0256","synthetic","medium","25.99","2","11","3","261.03","22","2","1870.12","5585.74","113.84"
"synthetic-low-0043","synthetic","low","8.11","1","6","2","719.32","30","0","745.13","2240.87","28.51"
"synthetic-low-0169","synthetic","low","11.64","0","5","2","456.3","30","1","631.3","2141.58","28.79"
"synthetic-high-0008","synthetic","high","46.97","4","33","17","785.21","67","4","5143.72","12819.35","255.64"
"synthetic-medium-0255","synthetic","medium","17.14","2","10","4","217","66","1","2059.47","5322.5","142.77"
"synthetic-low-0267","synthetic","low","14.41","0","7","1","470.29","10","0","686.49","1051.57","61.78"
"synthetic-medium-0260","synthetic","medium","32.48","2","13","6","263.35","57","4","1534.4","5968.87","122.18"
"synthetic-high-0017","synthetic","high","33.03","6","35","14","295.64","97","7","5258.1","12044.62","291.01"
"synthetic-low-0231","synthetic","low","12.11","1","7","2","547.22","35","1","775","1233.68","51.21"
"synthetic-medium-0296","synthetic","medium","29.85","1","10","7","400.94","37","1","1294.93","4757.9","118.24"
"synthetic-low-0146","synthetic","low","12.03","0","8","2","414.8","16","1","639.68","2058.34","29.51"
"synthetic-low-0066","synthetic","low","11.44","1","4","1","719.4","30","0","638.32","1880.24","62.17"
"synthetic-medium-0168","synthetic","medium","17.94","3","9","2","420.17","60","2","2264.76","4656.95","90.99"
"synthetic-medium-0212","synthetic","medium","29.72","1","15","7","535.39","44","4","2262.45","5139.83","79.44"
"synthetic-medium-0201","synthetic","medium","17.43","1","17","4","242.11","22","1","2169.32","4576.91","74.09"
"synthetic-medium-0265","synthetic","medium","18.21","2","13","4","386.52","61","4","2279.91","2694.06","91.19"
"synthetic-medium-0233","synthetic","medium","24.67","1","8","7","340.51","52","4","1743.26","5189.08","134.93"
"synthetic-low-0017","synthetic","low","6.38","1","7","2","632.2","29","0","595.1","1884.61","37.19"
"synthetic-low-0074","synthetic","low","14.54","0","3","2","360.1","32","0","329.94","2025.72","57.78"
"synthetic-medium-0119","synthetic","medium","16.3","1","17","2","459.06","51","3","1286.22","3042.32","134.29"
"synthetic-low-0207","synthetic","low","14.85","0","4","1","609.5","35","0","727.23","1266.29","32.96"
"synthetic-low-0001","synthetic","low","14.59","0","6","1","472.3","5","1","462.44","1737.29","37.08"
"synthetic-medium-0035","synthetic","medium","32.95","4","10","2","449.54","27","1","902.9","2926.16","82.97"
"synthetic-high-0054","synthetic","high","36.44","13","33","12","534.02","58","5","3764.69","10368.38","216.32"
"synthetic-medium-0220","synthetic","medium","30.09","1","18","2","484.57","27","4","2370.2","4038.54","141.42"
"synthetic-medium-0251","synthetic","medium","24.24","2","6","4","402.3","24","1","1197.73","3650.45","111.05"
"synthetic-high-0049","synthetic","high","35.43","5","32","7","279.77","84","7","6821.59","7645.21","248.4"
"synthetic-medium-0130","synthetic","medium","16.28","4","7","4","371.86","63","3","1216.59","3155.41","120.26"
"synthetic-high-0056","synthetic","high","51.39","5","21","14","90.83","86","4","6958.38","7940.73","202.03"
"synthetic-medium-0297","synthetic","medium","26.79","4","11","6","466.53","63","2","2016.92","5016.86","142.16"
"synthetic-low-0057","synthetic","low","15.65","1","5","2","595.65","21","1","350.81","2287.83","55.31"
"synthetic-low-0244","synthetic","low","11.41","1","1","1","443.47","35","1","274.73","2270.09","66.65"
"synthetic-medium-0257","synthetic","medium","25.82","3","12","4","446.77","58","1","1253.29","6164.37","110.58"
"synthetic-medium-0041","synthetic","medium","28.43","1","17","6","400.09","55","2","1975.59","3328.97","103.16"
"synthetic-medium-0252","synthetic","medium","26.98","3","13","3","411.84","35","3","2431.4","6026.37","120.68"
"synthetic-high-0060","synthetic","high","52.67","10","40","13","571.77","92","6","5513.38","10068.14","322.22"
"synthetic-medium-0286","synthetic","medium","20.49","4","14","3","411.88","46","3","1427.84","4416.19","144.23"
"synthetic-low-0179","synthetic","low","10.45","0","5","2","680.09","11","0","766.25","2419.64","40.07"
"synthetic-medium-0276","synthetic","medium","15.28","1","18","7","322.66","68","3","1179.41","2801.94","104.46"
"synthetic-medium-0179","synthetic","medium","23.66","2","12","2","201.98","46","1","2194.21","4055.79","120.75"
"synthetic-medium-0188","synthetic","medium","16.26","2","10","3","280.95","22","2","1410.34","5143.82","120.8"
"synthetic-low-0251","synthetic","low","13.66","1","1","0","746.93","19","0","856.05","1157.63","33.9"
"synthetic-medium-0071","synthetic","medium","23.6","4","12","6","496.71","24","2","989.96","5525.66","83.32"
"synthetic-medium-0011","synthetic","medium","22.25","3","6","6","234.67","60","1","2351.73","2757.93","117.6"
"synthetic-medium-0241","synthetic","medium","16.01","2","18","7","332.18","40","2","1916.46","4818.26","99.89"
"synthetic-high-0036","synthetic","high","52.78","11","20","13","804.81","82","4","5262.79","12284.93","209.13"
"synthetic-medium-0025","synthetic","medium","19.28","4","12","7","380.74","60","3","1447.97","3447.03","106.66"
"synthetic-medium-0057","synthetic","medium","30.42","4","14","2","255.73","55","1","2144.03","2778.39","119.22"
"synthetic-medium-0205","synthetic","medium","33.6","2","12","2","363.72","21","4","2027.07","3876.68","125.95"
"synthetic-low-0139","synthetic","low","15.9","1","3","0","638.06","32","0","282.52","2182.54","74.61"
"synthetic-low-0047","synthetic","low","10.27","0","1","0","449.81","30","0","579.29","2052.46","28.88"
"synthetic-medium-0158","synthetic","medium","22.15","4","7","7","212.53","69","2","2453.22","3214.83","110.92"
"synthetic-medium-0133","synthetic","medium","32.77","3","8","5","386.17","51","4","928.76","3079.71","112.37"
"synthetic-medium-0014","synthetic","medium","24.19","2","12","5","267.45","31","1","2340.79","5889.77","102.08"
"synthetic-medium-0185","synthetic","medium","33.71","3","6","6","515.85","64","3","2323.43","5603.27","99.96"
"synthetic-medium-0141","synthetic","medium","17.35","3","15","7","417.66","33","4","2078.43","6288.38","83.49"
"synthetic-medium-0086","synthetic","medium","28.56","4","13","4","351.8","30","4","1855.98","3157.23","121.67"
"synthetic-medium-0028","synthetic","medium","23.69","1","9","3","290.12","65","2","1619.07","2925.29","127.93"
"synthetic-low-0277","synthetic","low","9.46","0","7","0","573.68","6","1","739.69","2137.74","44.2"
"synthetic-low-0086","synthetic","low","12.4","1","5","0","733.85","6","0","603.82","1336.79","28.24"
"synthetic-high-0075","synthetic","high","33.82","12","37","15","89.25","104","5","3641.32","10424.71","213.71"
"synthetic-low-0114","synthetic","low","6.41","0","7","0","463.01","9","0","652.85","2169.32","50.91"
"synthetic-low-0166","synthetic","low","15.1","1","5","0","519.03","15","1","600.8","1716.68","69.08"
"synthetic-medium-0174","synthetic","medium","29.72","3","16","3","432.32","54","1","2473.5","5968.33","131.73"
"synthetic-medium-0060","synthetic","medium","16.45","2","15","6","330.64","44","4","1141.17","5537.26","144.34"
"synthetic-medium-0151","synthetic","medium","24.44","2","14","7","326.15","24","2","1144.14","3623.53","119.12"
"synthetic-medium-0244","synthetic","medium","23.14","3","13","5","207.81","61","3","1191.59","3627.18","124.76"
"synthetic-medium-0172","synthetic","medium","20.23","4","7","4","369.25","40","2","941.46","5607.64","100.17"
"synthetic-medium-0262","synthetic","medium","17.29","2","7","2","510.62","33","3","2306.16","2540.64","78.97"
"synthetic-medium-0218","synthetic","medium","18.08","2","12","5","288.38","60","2","1269.6","2899.02","109.92"
"synthetic-low-0039","synthetic","low","12.41","0","7","0","404.38","9","0","725.35","1457.23","47.1"
"synthetic-medium-0054","synthetic","medium","24.03","4","18","4","355.68","33","3","1947.23","5318.15","107.94"
"synthetic-medium-0198","synthetic","medium","15.74","1","18","4","444.61","41","3","2390.94","4821.08","138.66"
"synthetic-high-0032","synthetic","high","28.07","10","29","13","705.52","64","3","4092.1","12202.5","322.08"
"synthetic-high-0058","synthetic","high","58.22","11","43","15","716.46","48","6","5860.93","13934.76","306.14"
"synthetic-medium-0246","synthetic","medium","28.82","3","11","7","282.34","43","3","2388.38","2851.17","81.44"
"synthetic-low-0259","synthetic","low","11.99","0","4","1","591.83","34","1","539.46","1678.09","63.54"
"synthetic-low-0089","synthetic","low","5.48","1","6","1","568.25","16","0","402.01","2426.6","73.74"
"synthetic-low-0260","synthetic","low","8.62","1","2","2","742.99","33","1","499.14","2107.26","44.23"
"synthetic-high-0030","synthetic","high","35.55","14","18","14","387.62","106","9","5011.21","7035.67","145.61"
"synthetic-low-0041","synthetic","low","14.45","0","2","2","618.59","12","0","501.27","1112.21","50.14"
"synthetic-high-0019","synthetic","high","37.58","5","26","12","536.92","53","4","6141.78","16927.36","247.09"
"synthetic-medium-0024","synthetic","medium","31.74","4","16","5","531.74","41","4","2079.23","3779.27","103.1"
"synthetic-low-0194","synthetic","low","15.63","1","2","0","623.8","9","1","280.16","1292.14","29.78"
"synthetic-medium-0231","synthetic","medium","31.06","1","15","3","226.44","30","4","1804.53","5085.6","129.24"
"synthetic-medium-0209","synthetic","medium","17.14","2","10","7","360.2","64","1","2114.24","6002.99","123.67"
"synthetic-medium-0184","synthetic","medium","20.23","4","7","6","247.3","39","3","2080.3","5959.25","89.3"
"synthetic-high-0028","synthetic","high","47.74","11","41","9","827.42","43","6","5579.07","15334.09","196.17"
"synthetic-medium-0182","synthetic","medium","17.28","4","16","6","532.66","53","2","1417.58","4030.42","117.71"
"synthetic-low-0101","synthetic","low","10.05","0","6","1","706.55","6","0","549.11","1001.43","25.37"
"synthetic-low-0119","synthetic","low","5.06","1","6","0","655.89","21","0","426.78","1911.08","31.43"
"synthetic-low-0080","synthetic","low","5.56","1","1","2","636.31","19","0","508.15","967.73","61.38"
"synthetic-medium-0295","synthetic","medium","16.56","2","16","2","533.53","48","2","1145.48","5780.35","139.35"
"synthetic-medium-0266","synthetic","medium","16.63","1","11","6","234.51","44","1","2177.62","4364.96","147.42"
"synthetic-medium-0204","synthetic","medium","26.71","1","11","2","544.46","26","4","1776.79","3931.69","85.25"
"synthetic-medium-0229","synthetic","medium","25.18","2","17","4","518.46","40","1","1745.5","5372.22","115.31"
"synthetic-low-0023","synthetic","low","15.3","1","5","2","529.32","10","0","548.32","1344.29","69.28"
"synthetic-medium-0243","synthetic","medium","29.79","3","17","6","371.7","27","1","1383.05","5490.42","100.72"
"synthetic-low-0130","synthetic","low","6.74","0","7","2","579.22","23","1","565.72","2166.92","45.05"
"synthetic-low-0085","synthetic","low","10.5","1","4","0","716.17","32","1","365","2495.05","73.57"
"synthetic-medium-0298","synthetic","medium","20.96","1","11","7","509.17","54","4","1989","6006.83","123.91"
"synthetic-low-0258","synthetic","low","8.71","1","7","2","636.51","29","1","371.06","1424.94","44.72"
"synthetic-medium-0250","synthetic","medium","28.52","4","8","6","305.32","44","1","1925.6","4031.09","113.99"
"synthetic-medium-0099","synthetic","medium","17.84","1","15","2","370.02","66","2","1336.03","4816.37","115.46"
"synthetic-high-0014","synthetic","high","63.76","6","16","9","722.53","91","7","3170.8","7627.05","204.31"
"synthetic-low-0141","synthetic","low","10.14","0","3","2","695.88","26","0","328.58","1870.37","30.44"
"synthetic-low-0230","synthetic","low","9.13","1","8","1","692.5","29","0","532.96","1817.53","53.11"
"synthetic-high-0052","synthetic","high","35.61","12","28","16","368.11","108","7","3849.64","14474.06","282.6"
"synthetic-high-0012","synthetic","high","42.2","12","23","8","346.37","85","3","4413.95","16135.07","151.56"
"synthetic-low-0280","synthetic","low","13.37","0","1","2","514.62","31","1","621.7","2006.87","64.55"
"synthetic-low-0073","synthetic","low","5.86","1","6","1","673.47","31","0","459.15","1834.28","35.23"
"synthetic-low-0144","synthetic","low","14.16","0","4","2","650.57","22","0","748.96","993.99","69.6"
"synthetic-medium-0105","synthetic","medium","20.17","2","9","6","500.33","30","4","2048.5","6184.65","141.23"
"synthetic-medium-0221","synthetic","medium","16.33","1","17","7","232.25","44","1","2216.2","5996.68","70.67"
"synthetic-low-0155","synthetic","low","9.7","0","6","0","402.78","23","0","493.36","2249.03","71.28"
"synthetic-low-0162","synthetic","low","13.23","0","1","1","618.98","17","0","422.55","1753.12","63.95"
"synthetic-low-0007","synthetic","low","14.8","1","6","2","424.33","5","0","859.3","1160.18","65.07"
"synthetic-low-0072","synthetic","low","9.77","0","4","1","663.37","10","0","582.16","914.92","42.01"
"synthetic-medium-0114","synthetic","medium","22.82","4","14","6","466.21","26","1","1571.88","5758.66","91.51"
"synthetic-low-0033","synthetic","low","7.8","0","2","1","744.93","24","0","708.73","1613.52","57.92"
"synthetic-high-0088","synthetic","high","52.85","4","39","7","524.18","64","5","6624.34","16046.24","322.34"
"synthetic-high-0166","synthetic","high","53.53","8","45","7","242.42","46","9","4496.37","12643.33","201.33"
"synthetic-high-0165","synthetic","high","49.38","9","39","15","607.65","109","8","2614.3","9410.7","281.58"
"synthetic-low-0105","synthetic","low","8.71","1","4","1","352.2","26","1","866.65","2178.64","44.99"
"synthetic-low-0233","synthetic","low","5.03","1","4","1","476.64","29","0","337.12","1922.59","32.68"
"synthetic-low-0292","synthetic","low","13.42","1","3","2","467.6","23","0","778.78","1186.3","45.65"
"synthetic-high-0189","synthetic","high","44.32","9","40","11","778.29","108","3","3560.86","9266.32","145.52"
"synthetic-medium-0222","synthetic","medium","31.32","2","8","6","236.17","55","4","1771.94","5226.72","121.06"
"synthetic-medium-0197","synthetic","medium","18.61","1","11","6","210.38","42","1","1841.89","5026.21","70.18"
"synthetic-high-0094","synthetic","high","42.89","6","18","18","188.76","94","4","2666.61","9021.63","263.78"
"synthetic-low-0056","synthetic","low","14.76","1","8","2","559.42","25","0","835.87","2202.48","30.52"
"synthetic-high-0074","synthetic","high","34.25","14","36","15","248.14","88","10","6791.12","11536.04","303.57"
"synthetic-high-0148","synthetic","high","57.58","9","29","7","383.69","78","5","3164.69","10271.46","306.41"
"synthetic-high-0129","synthetic","high","54.7","7","20","12","420.08","40","8","3494","15371.76","231.68"
"synthetic-medium-0103","synthetic","medium","29.74","4","10","3","410.05","61","4","2118.31","3412.85","112.14"
"synthetic-medium-0046","synthetic","medium","21.61","2","17","5","547.42","23","2","1641","6291.39","137.72"
"synthetic-high-0180","synthetic","high","48.94","13","31","15","612.97","101","5","4282.3","12102.81","229.56"
"synthetic-high-0196","synthetic","high","47.91","4","26","13","483.43","55","4","6834.19","12485.04","243.84"
"synthetic-high-0042","synthetic","high","37.25","5","21","11","469.46","40","6","5315.61","16653.33","266.76"
"synthetic-medium-0135","synthetic","medium","17.89","2","9","7","522.94","49","2","1261.28","4255.65","107.31"
"synthetic-low-0167","synthetic","low","15.63","0","7","1","442.62","23","1","859.6","2020.75","48.66"
"synthetic-low-0079","synthetic","low","6.56","1","1","2","648.39","28","0","300.68","2282.43","35.65"
"synthetic-medium-0237","synthetic","medium","15.39","2","15","7","493.57","27","3","2298.14","3658.24","137.91"
"synthetic-medium-0226","synthetic","medium","14.04","3","7","5","233.86","57","4","2308.15","6352.29","120.24"
"synthetic-high-0185","synthetic","high","47.54","6","31","13","299.23","86","10","5757.22","16401.04","328.07"
"synthetic-low-0109","synthetic","low","10.81","1","3","2","656.51","18","0","815.46","1842.98","73.97"
"synthetic-medium-0113","synthetic","medium","14.17","4","6","3","510.57","50","4","1169.17","6179.98","143.36"
"synthetic-medium-0177","synthetic","medium","25.5","4","11","5","497.52","29","4","1141.87","3557.95","73.32"
"synthetic-high-0192","synthetic","high","45.98","14","16","19","418.83","50","7","2539.18","11405.2","318.74"
"synthetic-medium-0068","synthetic","medium","15.18","3","17","3","217.7","35","1","989.48","4898.16","146.84"
"synthetic-medium-0240","synthetic","medium","16.75","4","10","5","278.68","42","4","1951.14","5964.91","116.11"
"synthetic-low-0098","synthetic","low","10.2","1","7","1","470.93","24","0","819.18","2460.35","72.6"
"synthetic-high-0045","synthetic","high","53.82","8","44","7","741.53","84","6","6468.98","17021.58","228"
"synthetic-high-0140","synthetic","high","39.91","7","37","12","94.3","59","9","5137.23","10769.84","316.39"
"synthetic-medium-0258","synthetic","medium","24.26","3","13","4","228.86","68","4","1156.04","5272.87","103.34"
"synthetic-low-0031","synthetic","low","15.25","1","7","2","518.95","19","1","881.43","1010.75","26.77"
"synthetic-low-0102","synthetic","low","11.35","1","4","2","384.94","25","0","390.75","2480.2","66.92"
"synthetic-medium-0191","synthetic","medium","15.6","2","7","2","229.08","63","3","1649.27","3975.5","106.45"
"synthetic-low-0299","synthetic","low","11.13","1","6","0","518.84","30","1","350.7","970.21","63.49"
"synthetic-medium-0206","synthetic","medium","19.11","4","18","5","343.46","54","4","1954.02","4819.06","132.93"
"synthetic-low-0159","synthetic","low","14.24","1","6","1","428.05","16","1","312.2","1045.19","49.44"
"synthetic-high-0186","synthetic","high","45.23","4","34","9","881.99","120","4","4818.13","10244.54","150.8"
"synthetic-low-0245","synthetic","low","6.51","1","5","0","508.48","30","1","899.41","1882.16","49.74"
"synthetic-medium-0123","synthetic","medium","22.23","2","9","2","276.72","26","1","2141.39","4452.01","94.55"
"synthetic-high-0043","synthetic","high","36.72","5","16","19","204.29","72","3","5286.96","16318.3","225.64"
"synthetic-high-0147","synthetic","high","43.31","12","21","9","386.26","81","10","5232.29","17735.63","202.38"
"synthetic-high-0155","synthetic","high","53.27","8","42","18","472.6","113","9","4210.87","15740.41","275.1"
"synthetic-high-0107","synthetic","high","44.1","14","39","14","240.17","49","9","3808.99","11073.08","236.65"
"synthetic-high-0027","synthetic","high","42","8","18","9","172.56","117","8","6835.33","15924.5","245.43"
"synthetic-medium-0195","synthetic","medium","31.54","3","8","6","312.66","23","4","2358.74","5224.99","94.04"
"synthetic-high-0238","synthetic","high","50.58","6","20","9","745.28","51","10","2709.74","8303.39","152.59"
"synthetic-medium-0149","synthetic","medium","26.27","3","10","2","523.9","25","4","2095.87","4815.41","72.6"
"synthetic-low-0173","synthetic","low","8.7","1","8","0","417.71","12","0","796.14","1639.61","56.4"
"synthetic-low-0243","synthetic","low","9.86","0","2","0","626.88","24","1","284.58","2187.08","50.56"
"synthetic-low-0199","synthetic","low","14.12","0","6","2","357.88","35","0","820.21","1022.59","41.34"
"synthetic-high-0111","synthetic","high","55.64","8","27","8","742.99","61","3","6991.18","17541.58","154.09"
"synthetic-high-0199","synthetic","high","48.71","7","44","7","633.59","96","10","3073.48","11043.65","153.08"
"synthetic-low-0286","synthetic","low","9.46","1","3","1","584.55","22","0","328.08","1291.18","69.98"
"synthetic-medium-0017","synthetic","medium","28.94","2","16","2","415.56","61","2","1723.35","3446.25","110.23"
"synthetic-high-0104","synthetic","high","64.21","5","17","16","402.59","91","4","6940.71","10233.84","236.01"
"synthetic-medium-0036","synthetic","medium","30.1","3","18","4","490.58","57","1","1239.07","3239.27","145.41"
"synthetic-medium-0092","synthetic","medium","16.07","2","8","3","238.98","38","1","1597.98","5664.48","106.57"
"synthetic-high-0125","synthetic","high","30.88","5","21","7","129.41","56","5","4956.41","12507.65","267.1"
"synthetic-high-0218","synthetic","high","31.23","14","35","13","551.59","46","9","6648.86","12084.67","268.88"
"synthetic-low-0138","synthetic","low","7.35","0","7","0","654.33","28","0","522.96","2362.85","26.72"
"synthetic-high-0159","synthetic","high","53.37","11","35","12","599.22","54","9","5503.38","12239.84","160.97"
"synthetic-high-0161","synthetic","high","49.7","11","19","9","744.08","62","3","4576.77","8056.6","214.52"
"synthetic-low-0099","synthetic","low","12.2","1","1","1","391.14","22","0","830.36","2353.79","51.18"
"synthetic-medium-0190","synthetic","medium","18.98","4","18","3","451.83","43","1","1845.11","5357.47","74.06"
"synthetic-medium-0131","synthetic","medium","22.6","1","9","5","549.39","25","2","1137.42","3941.52","98.6"
"synthetic-medium-0186","synthetic","medium","19.01","3","8","4","415.3","57","1","2379.4","4895.13","90.38"
"synthetic-low-0129","synthetic","low","7.48","0","3","2","415.13","28","1","422.92","1677.51","47.28"
"synthetic-high-0162","synthetic","high","63.13","7","27","8","588.75","78","8","3836.3","10500.47","223.74"
"synthetic-high-0221","synthetic","high","33.71","11","33","7","707.98","65","3","3710.03","8294.41","327.94"
"synthetic-medium-0180","synthetic","medium","31.03","4","9","2","359.39","37","4","1721.57","2611.34","91.95"
"synthetic-medium-0165","synthetic","medium","23.81","3","13","3","483.68","70","4","1038.2","5102.36","145.7"
"synthetic-high-0190","synthetic","high","51.76","6","26","10","614.13","54","5","5495.52","11688.35","163.92"
"synthetic-medium-0268","synthetic","medium","32.94","3","7","4","298.6","43","3","1645.52","5092.4","79.77"
"synthetic-high-0188","synthetic","high","31.45","5","18","10","185.32","81","4","6740.04","10951.48","244.9"
"synthetic-high-0150","synthetic","high","55.83","8","18","12","307.26","77","3","6328.64","9557.68","229.14"
"synthetic-low-0241","synthetic","low","13.88","1","5","2","417.83","14","1","829.49","1797.29","73.97"
"synthetic-low-0063","synthetic","low","10.68","1","4","0","360.68","10","0","578.72","1714.14","61.5"
"synthetic-low-0118","synthetic","low","10.08","0","7","2","541.52","12","1","738","1547.35","46.46"
"synthetic-high-0269","synthetic","high","36.94","6","36","20","389.09","112","5","3542.35","12396.51","322.34"
"synthetic-medium-0271","synthetic","medium","14.79","2","10","4","489.67","27","2","1445.1","3455.2","109.64"
"synthetic-low-0206","synthetic","low","14.04","1","2","2","532.69","7","1","325.18","1981.88","38.71"
"synthetic-medium-0173","synthetic","medium","16.59","2","8","4","464.04","28","1","1030.89","4875.17","122.04"
"synthetic-medium-0215","synthetic","medium","27.17","4","14","3","385.22","43","4","2138.78","4544.91","73.74"
"synthetic-low-0171","synthetic","low","9.64","1","8","0","482.48","21","1","678.41","1869.3","46.77"
"synthetic-low-0070","synthetic","low","10.58","0","3","1","480.4","22","0","531.86","1286.81","45.9"
"synthetic-medium-0044","synthetic","medium","26.02","1","9","7","206.31","31","4","1790.01","4061.07","136.66"
"synthetic-medium-0029","synthetic","medium","24.44","4","17","3","215.02","32","3","1692.31","3901.22","120.48"
"synthetic-high-0260","synthetic","high","47.56","10","16","9","86.08","102","5","3282.88","15245.51","149.35"
"synthetic-high-0001","synthetic","high","59.14","6","16","19","579.76","40","6","4291.34","13150.64","181.72"
"synthetic-medium-0004","synthetic","medium","16.5","4","14","2","510.02","69","3","1113.19","5076.67","93.57"
"synthetic-medium-0275","synthetic","medium","28.83","1","16","7","360.05","38","3","2390.25","2670.36","98.1"
"synthetic-low-0103","synthetic","low","8.03","1","1","1","701.03","19","0","282.49","2337.97","71.54"
"synthetic-low-0252","synthetic","low","15.98","0","3","1","700.72","7","0","415.94","906.22","45.46"
"synthetic-medium-0093","synthetic","medium","30.07","4","12","2","435.33","26","4","2241.32","5606.14","88.04"
"synthetic-high-0183","synthetic","high","32.14","6","28","9","448.11","107","5","4904.95","13064.93","146.28"
"synthetic-medium-0294","synthetic","medium","14.06","1","13","4","287.76","65","3","1119.83","3910.21","139.57"
"synthetic-medium-0200","synthetic","medium","17.63","4","14","2","299.64","29","2","1003.88","2554.72","82.5"
"synthetic-high-0178","synthetic","high","53.91","4","21","15","629.13","111","10","5437.54","10493.22","304.44"
"synthetic-medium-0166","synthetic","medium","27.82","2","11","4","350.98","41","4","1328.77","6427.41","138.2"
"synthetic-high-0081","synthetic","high","56.75","9","36","13","303.84","88","9","6660.57","9223.49","252.42"
"synthetic-high-0096","synthetic","high","47.18","6","40","13","271.41","90","8","5615.63","12116.81","204.58"
"synthetic-high-0158","synthetic","high","44.59","4","26","12","764.81","98","3","2879.51","12618.76","160.57"
"synthetic-low-0108","synthetic","low","11.4","1","3","0","447.77","13","1","890.63","2379.33","42.68"
"synthetic-high-0267","synthetic","high","53.71","6","18","19","890.56","62","4","5111.85","10019.15","277.78"
"synthetic-medium-0001","synthetic","medium","32.75","2","17","3","489.07","31","3","2107.61","6281.9","130.51"
"synthetic-medium-0084","synthetic","medium","18.52","4","14","7","484.9","24","2","1844.05","3487.26","115.52"
"synthetic-medium-0053","synthetic","medium","23.29","3","13","3","201.71","59","2","1639.71","6422.04","144.23"
"synthetic-high-0120","synthetic","high","43.69","8","23","9","330.55","65","9","3619.93","7555.99","193.9"
"synthetic-low-0040","synthetic","low","14.85","0","4","2","647.38","14","0","577.99","1175.2","31.17"
"synthetic-high-0194","synthetic","high","59.39","13","26","11","833.83","68","10","2705.66","8139.56","157.29"
"synthetic-low-0202","synthetic","low","11.69","0","6","1","667.68","12","1","699.23","2297.38","46.83"
"synthetic-low-0295","synthetic","low","5.17","0","7","0","358.42","21","0","357.37","1801.45","28.33"
"synthetic-medium-0033","synthetic","medium","19.18","3","7","6","344.35","21","2","1009","5891.63","124.27"
"synthetic-medium-0143","synthetic","medium","16.82","4","16","3","468.44","41","4","1779.79","3132.19","116.75"
"synthetic-medium-0164","synthetic","medium","24.52","1","13","3","411.21","23","2","1947.06","5170.59","104.56"
"synthetic-low-0293","synthetic","low","5.48","1","4","2","662.59","18","0","568.66","2230.31","29.64"
"synthetic-medium-0217","synthetic","medium","17.27","3","7","6","397.43","31","2","921.17","6282.27","97.91"
"synthetic-high-0170","synthetic","high","34.86","13","16","13","573.85","49","6","3680.8","12275.36","312.79"
"synthetic-high-0248","synthetic","high","29.46","4","37","20","233.12","93","9","3726","11489.45","328.02"
"synthetic-high-0203","synthetic","high","43.79","4","24","7","899.74","111","9","5063.71","13597.96","188.42"
"synthetic-medium-0138","synthetic","medium","18.41","3","17","7","397.18","65","2","1355.51","5884.4","147.7"
"synthetic-high-0169","synthetic","high","50.94","12","26","18","764.37","66","6","6907.37","7838.11","317.12"
"synthetic-low-0068","synthetic","low","14.37","1","5","1","669.92","30","0","803.2","2403.99","26.43"
"synthetic-medium-0292","synthetic","medium","32.19","3","16","5","231.93","56","3","2121.74","3895.07","147.41"
"synthetic-high-0062","synthetic","high","32.09","6","41","12","548.3","104","9","6471.91","11998.46","188.21"
"synthetic-medium-0067","synthetic","medium","26.71","4","17","2","209.6","65","4","2273.33","5852.91","104.06"
"synthetic-high-0293","synthetic","high","33.44","5","31","11","887.74","85","8","6594.51","7132.69","211.55"
"synthetic-low-0191","synthetic","low","8.71","0","8","1","708.53","7","1","345.49","1864.42","34.41"
"synthetic-medium-0228","synthetic","medium","16.84","3","8","5","445.89","64","1","1760.23","3312.03","147.54"
"synthetic-medium-0045","synthetic","medium","30.08","1","8","7","421.26","53","1","2100.64","3992.69","81.49"
"synthetic-high-0048","synthetic","high","55.4","6","40","7","817.52","61","3","6734.57","9650.48","238.01"
"synthetic-medium-0027","synthetic","medium","26.45","4","10","2","381.02","31","2","2087.28","5385.25","133.02"
"synthetic-low-0010","synthetic","low","12.5","0","1","1","359.65","17","1","619.83","1584.07","42.2"
"synthetic-low-0087","synthetic","low","9.37","0","5","2","472.54","23","1","608.52","2130.29","27.94"
"synthetic-high-0046","synthetic","high","48.78","4","42","18","624.17","70","6","2775.1","17900.19","242.45"
"synthetic-low-0239","synthetic","low","8.34","0","2","1","559.22","35","0","658.88","1574.11","63.68"
"synthetic-high-0070","synthetic","high","51.73","6","38","18","284.18","47","4","3387.93","7090.13","150.69"
"synthetic-high-0002","synthetic","high","53.66","12","43","10","887.25","90","6","6040.47","9709.85","188.73"
"synthetic-high-0244","synthetic","high","48.47","14","45","18","766.96","108","10","6464.55","16129.91","241.55"
"synthetic-high-0013","synthetic","high","55.34","4","43","17","770.8","47","9","5744.04","7332.73","199.14"
"synthetic-high-0233","synthetic","high","31.51","8","21","19","352.34","71","8","5927.69","12571.42","248.26"
"synthetic-low-0028","synthetic","low","5.39","1","3","0","579","25","0","834.61","2458.88","27.41"
"synthetic-medium-0139","synthetic","medium","26.59","4","12","7","253.23","21","2","2336.27","3164.35","117.72"
"synthetic-medium-0030","synthetic","medium","26.95","1","11","4","430.04","44","4","1923.32","5668.03","77.39"
"synthetic-medium-0080","synthetic","medium","24.12","4","18","7","335.79","31","4","1186.39","3357.84","92.69"
"synthetic-low-0095","synthetic","low","8.18","0","2","0","684.7","16","0","455.67","2396.76","44.84"
"synthetic-high-0163","synthetic","high","49.47","13","29","19","879.82","74","8","5825.02","10561.76","194.18"
"synthetic-high-0130","synthetic","high","36.97","9","17","18","463.1","100","8","4504.77","12149.99","216.24"
"synthetic-medium-0202","synthetic","medium","28.18","1","17","7","245.86","33","1","1862.04","5948.27","85.8"
"synthetic-low-0012","synthetic","low","9.19","1","3","2","624.86","30","0","547.06","1480.59","67.88"
"synthetic-low-0061","synthetic","low","5.94","1","3","2","694.77","10","0","281.33","1819.46","64.95"
"synthetic-medium-0281","synthetic","medium","14.24","2","13","3","375.41","40","2","2454.32","5214.65","127.14"
"synthetic-low-0232","synthetic","low","10.56","0","5","1","408.15","28","0","767.32","1392.19","69.21"
"synthetic-low-0234","synthetic","low","5.1","0","2","2","520.51","32","1","735.92","1053.32","40.6"
"synthetic-low-0287","synthetic","low","12.11","0","1","0","427.58","7","0","684.6","2484.05","52.78"
"synthetic-medium-0111","synthetic","medium","14.44","1","7","7","500.6","66","3","2454.62","5403.46","70.16"
"synthetic-low-0270","synthetic","low","12.11","0","4","1","671.99","27","0","699.7","1572.28","70.44"
"synthetic-low-0067","synthetic","low","6.45","1","5","1","719.23","20","0","526.43","1005.93","30.83"
"synthetic-low-0291","synthetic","low","11.23","1","7","2","373.88","21","0","377.94","1355.33","49.19"
"synthetic-medium-0283","synthetic","medium","32.9","4","9","7","403.86","45","3","2188","4725.21","103.91"
"synthetic-high-0024","synthetic","high","57.72","10","38","15","467.37","94","6","3374.72","15453.91","197.54"
"synthetic-medium-0021","synthetic","medium","28.64","3","8","7","366.26","57","2","1075.44","3673.74","100.94"
"synthetic-medium-0162","synthetic","medium","25.56","1","13","7","435.48","24","3","1165.5","4186.2","118.46"
"synthetic-medium-0097","synthetic","medium","22.42","3","18","4","267.15","43","1","1250.37","6053.72","137.93"
"synthetic-medium-0193","synthetic","medium","29.8","2","18","6","401.24","47","1","2170.1","5540.43","143.32"
"synthetic-medium-0122","synthetic","medium","32.8","3","6","5","527.43","52","1","1434.63","3217.34","93.9"
"synthetic-medium-0117","synthetic","medium","21.98","1","12","4","201.42","26","3","1642.35","5139.08","132.75"
"synthetic-low-0284","synthetic","low","7.73","1","3","1","625.93","17","0","778.68","1864.05","41.11"
"synthetic-high-0229","synthetic","high","58.94","6","23","12","517.41","86","8","5324.44","7637.9","194.51"
"synthetic-medium-0094","synthetic","medium","16.07","3","13","4","217.72","45","1","1012.25","2947.32","139.77"
"synthetic-medium-0259","synthetic","medium","28.98","3","6","2","508.42","37","1","982.35","2680.89","103.78"
"synthetic-medium-0147","synthetic","medium","24.5","1","9","2","251.14","70","1","922.02","2768.24","114.87"
"synthetic-low-0106","synthetic","low","11.06","0","4","0","728.21","9","0","371.31","1067.15","61.38"
"synthetic-medium-0203","synthetic","medium","24.73","2","17","5","541.58","21","4","1915.89","3488.51","93.46"
"synthetic-medium-0187","synthetic","medium","22.49","1","11","4","439.78","29","1","1938.62","4471.48","72.91"
"synthetic-medium-0109","synthetic","medium","28.52","1","17","4","528.56","57","1","2161.83","3292.77","91.02"
"synthetic-high-0144","synthetic","high","49","6","25","13","527","91","9","6880.13","16371.21","219.41"
"synthetic-low-0055","synthetic","low","6.15","1","7","1","496.58","21","1","378.45","951.93","60.25"
"synthetic-high-0044","synthetic","high","37.2","4","36","9","368","74","6","2956.98","16911.85","211.07"
"synthetic-medium-0007","synthetic","medium","26.81","2","13","3","416.48","41","1","2265.57","6112.32","140.53"
"synthetic-low-0143","synthetic","low","6.66","0","3","1","664.71","27","1","302.92","1357.07","69.97"
"synthetic-low-0016","synthetic","low","12.94","0","8","0","614.96","6","1","437.23","949.82","64.31"
"synthetic-high-0156","synthetic","high","41","6","18","17","730.45","64","10","3835.57","17799.34","177.41"
"synthetic-medium-0072","synthetic","medium","22.18","4","12","5","342.96","39","4","1179.63","2516.43","94.03"
"synthetic-medium-0062","synthetic","medium","22.47","4","16","6","379.45","67","3","2274.41","4342.77","132.14"
"synthetic-low-0006","synthetic","low","7.47","1","3","1","406.7","16","1","803.75","2205.37","30.2"
"synthetic-low-0255","synthetic","low","5.08","1","6","0","410.83","33","0","866.44","1954.13","27.33"
"synthetic-low-0024","synthetic","low","14.76","1","7","1","625.94","16","1","785.4","1437.99","72.02"
"synthetic-medium-0264","synthetic","medium","20.1","3","17","5","332.22","70","2","1882.16","5507.09","101.06"
"synthetic-high-0282","synthetic","high","50.27","9","19","17","822.51","100","3","6839.85","17801.49","294.14"
"synthetic-high-0086","synthetic","high","58.83","13","45","14","569.79","48","8","5583.6","16301.27","213.55"
"synthetic-medium-0154","synthetic","medium","20.03","1","13","7","326.48","60","3","1609.92","5902.49","116.75"
"synthetic-medium-0042","synthetic","medium","32.74","1","6","3","216.84","41","1","2492.52","5881.51","131.55"
"synthetic-high-0065","synthetic","high","52.7","8","34","16","370.06","95","3","6321.1","11041.83","193.22"
"synthetic-high-0191","synthetic","high","49.51","9","23","12","641.72","100","9","5232.9","9954.22","306.19"
"synthetic-medium-0120","synthetic","medium","29.67","2","9","3","289.44","43","2","2147.38","4974.77","139.5"
"synthetic-medium-0070","synthetic","medium","15.44","1","11","6","452.89","55","3","2251.36","4712.8","70.82"
"synthetic-high-0255","synthetic","high","45.75","10","25","20","548.73","66","8","5741.02","9701.47","232.18"
"synthetic-medium-0026","synthetic","medium","18.53","2","8","5","287.21","56","4","1521.52","3746.16","129.7"
"synthetic-low-0030","synthetic","low","13.86","1","3","1","379.98","25","0","466.71","2144.24","70.56"
"synthetic-high-0168","synthetic","high","53.55","8","24","14","360.82","85","4","5505.77","14871.49","308.81"
"synthetic-medium-0293","synthetic","medium","15.12","2","13","4","401.44","34","1","2411.55","2681.19","90.25"
"synthetic-high-0037","synthetic","high","28.43","4","20","8","882.28","48","5","4387.21","14327.7","282.76"
"synthetic-low-0150","synthetic","low","6.9","0","8","0","405.03","30","0","764.95","1518","61.6"
"synthetic-medium-0037","synthetic","medium","14.9","2","8","2","399.71","56","3","1500.22","3379.27","106.63"
"synthetic-low-0183","synthetic","low","15.41","0","6","2","404.22","9","0","499.87","2298.97","47.25"
"synthetic-low-0120","synthetic","low","5.59","1","5","2","701.8","7","0","307.45","2390.24","47.49"
"synthetic-medium-0170","synthetic","medium","16.23","2","15","3","509.59","48","2","2200.41","4299.76","94.23"
"synthetic-low-0149","synthetic","low","7.36","0","4","2","727.29","14","0","559.69","1390.03","29.73"
"synthetic-low-0151","synthetic","low","6.64","1","1","0","484.89","11","0","356.33","1074.9","41.31"
"synthetic-high-0286","synthetic","high","39.46","13","32","10","593.8","42","9","6380.27","16240.32","194.94"
"synthetic-high-0298","synthetic","high","30.87","4","21","19","678.25","74","10","4011.42","13348.24","184.2"
"synthetic-medium-0106","synthetic","medium","29.85","4","11","4","361.17","30","4","1450.01","4792.03","137.78"
"synthetic-high-0225","synthetic","high","50.59","7","33","12","390.94","62","9","3771.34","16982.04","280.6"
"synthetic-medium-0167","synthetic","medium","24.35","2","17","5","532.43","29","1","2023.51","4561.9","101.15"
"synthetic-medium-0047","synthetic","medium","23.32","2","11","4","299.24","60","4","1374.26","2769.15","87.63"
"synthetic-low-0126","synthetic","low","6.7","0","5","1","500.69","28","0","283.19","2093.89","42.22"
"synthetic-high-0281","synthetic","high","44.1","9","34","17","198.95","41","9","5454.96","9300.14","184.88"
"synthetic-medium-0078","synthetic","medium","24.83","4","6","4","296.38","24","3","2183.44","2701.9","124.31"
"synthetic-high-0154","synthetic","high","37.9","7","35","11","109.44","47","5","6038.37","12369.83","189.73"
"synthetic-medium-0267","synthetic","medium","17.68","1","7","4","255.8","60","3","2402.75","4563.88","80.02"
"synthetic-medium-0290","synthetic","medium","18.23","2","12","6","547.54","26","1","999.31","4199.73","114.63"
"synthetic-high-0145","synthetic","high","61.07","7","41","14","337.63","62","7","6804.23","8285.11","194.28"
"synthetic-medium-0077","synthetic","medium","32.5","1","12","7","477.68","39","4","2266.23","5282.97","127.99"
"synthetic-medium-0279","synthetic","medium","18.62","4","7","2","202.35","60","3","1089.44","4391.95","86.2"
"synthetic-high-0076","synthetic","high","40.3","7","23","17","839.42","80","9","6940.05","8796.52","237.68"
"synthetic-medium-0051","synthetic","medium","33.9","3","14","3","283.02","45","2","1350.05","2752.8","97.45"
"synthetic-medium-0012","synthetic","medium","23.13","1","8","2","280.3","50","2","2497.86","4917.2","123.57"
"synthetic-low-0038","synthetic","low","10.36","0","6","2","619.04","13","1","897.62","2492.47","49.13"
"synthetic-low-0077","synthetic","low","15.18","1","4","1","685.86","25","1","639.78","2441.69","72.6"
"synthetic-high-0055","synthetic","high","47.54","7","30","15","135.67","81","7","3769.1","16850.82","146.79"
"synthetic-high-0296","synthetic","high","60.44","11","17","20","804.89","67","6","4350.88","13549.23","234.73"
"synthetic-low-0180","synthetic","low","12.34","0","6","0","705.7","25","0","826.06","2110.89","45.21"
"synthetic-high-0259","synthetic","high","58.27","10","22","7","264.4","60","6","3872.04","7035.86","189.95"
"synthetic-high-0128","synthetic","high","61.85","11","37","13","775.29","100","4","4923.06","14568.62","191.78"
"synthetic-low-0051","synthetic","low","10.44","0","1","2","581.6","33","1","428.71","1125.03","56.1"
"synthetic-low-0279","synthetic","low","15.73","1","6","1","356.79","19","0","757.35","1667.92","40.42"
"synthetic-medium-0213","synthetic","medium","22.89","1","7","2","225.76","51","2","2087.8","4778.47","73.08"
"synthetic-high-0173","synthetic","high","59.41","14","44","11","356.39","70","10","3602.53","16680.43","265.92"
"synthetic-medium-0101","synthetic","medium","21.95","4","6","6","422.06","40","3","1136.68","6158.97","142.89"
"synthetic-high-0174","synthetic","high","50.06","9","31","7","452.58","60","3","5741.42","17429.02","158.29"
"synthetic-high-0235","synthetic","high","37.81","4","21","9","892.71","111","6","3814.48","15356.05","308.8"
"synthetic-medium-0189","synthetic","medium","24.58","1","18","4","244.02","26","4","1323.06","4078.45","92.48"
"synthetic-high-0009","synthetic","high","59.66","5","34","13","615.2","54","3","6278.15","13461.66","208.6"
"synthetic-high-0151","synthetic","high","29.95","7","31","15","869.55","44","7","6468.94","11561.17","229.4"
"synthetic-medium-0160","synthetic","medium","16.4","2","16","4","312.35","24","2","2156.94","3737.72","134.05"
"synthetic-low-0235","synthetic","low","12.93","0","6","2","659.68","33","1","362.26","1017.83","29.21"
"synthetic-medium-0065","synthetic","medium","25.79","4","9","2","228.56","45","3","1236.57","5730.45","83.47"
"synthetic-high-0177","synthetic","high","63.45","7","41","11","501.49","77","3","4985.73","15792.98","209.5"
"synthetic-medium-0098","synthetic","medium","30.79","1","9","4","505.57","52","3","1973.64","6212.89","86.31"
"synthetic-medium-0104","synthetic","medium","15.17","3","16","3","507.37","30","2","1531.48","5314.35","142.28"
"synthetic-low-0278","synthetic","low","13.47","1","1","2","645.9","19","0","454.98","1173.04","29.88"
"synthetic-medium-0152","synthetic","medium","30.67","1","10","6","257.59","26","4","1568.15","2678.68","104.5"
"synthetic-low-0153","synthetic","low","10.78","0","2","1","479.69","7","1","590.43","909.78","71.18"
"synthetic-high-0053","synthetic","high","47.62","11","43","16","439.32","53","10","5022.87","12765.26","207.85"
"synthetic-medium-0196","synthetic","medium","33.49","3","13","6","327.37","54","3","1615.09","5252.02","80.93"
"synthetic-medium-0194","synthetic","medium","25.36","4","17","5","504.43","26","3","1980.66","2848.5","121.52"
"synthetic-medium-0010","synthetic","medium","33.89","4","15","7","534.32","41","2","1496.13","4536.87","110.21"
"synthetic-medium-0181","synthetic","medium","15.64","3","7","3","295.12","39","3","2383.58","5232.47","86.99"
"synthetic-high-0277","synthetic","high","48.12","6","41","16","284.47","93","3","5032.96","12913.88","327.02"
"synthetic-high-0288","synthetic","high","53.4","9","39","19","516.94","117","8","2509.96","17451.09","274.59"
"synthetic-low-0122","synthetic","low","10.74","1","5","2","612.94","33","0","346.82","2087.72","26.01"
"synthetic-medium-0128","synthetic","medium","15.68","2","6","3","514.2","55","4","2009.19","6077.64","137.87"
"synthetic-low-0027","synthetic","low","13.72","0","4","2","502.2","8","1","582.08","2353.18","40.83"
"synthetic-high-0204","synthetic","high","60.32","13","21","17","705.13","95","8","6923.71","17784.91","199.51"
"synthetic-high-0010","synthetic","high","52.97","12","31","20","84.17","105","10","6157.51","12307.82","242.92"
"synthetic-low-0210","synthetic","low","14.88","0","4","0","409.62","10","1","842.66","1691.1","57.3"
"synthetic-high-0015","synthetic","high","63.86","12","44","17","700.79","86","6","3800.3","16963.14","187.6"
"synthetic-high-0265","synthetic","high","52.63","5","17","12","381.46","58","6","5319.12","13273.42","180.06"
"synthetic-medium-0148","synthetic","medium","22.12","2","7","4","270.49","51","3","1287.21","4902.95","94.25"
"synthetic-medium-0249","synthetic","medium","22.78","2","7","6","231.1","61","3","1565.64","3511.54","98.57"
"synthetic-low-0195","synthetic","low","11.95","0","6","0","668.28","17","1","895.86","2282.14","48.67"
"synthetic-low-0092","synthetic","low","5.35","0","5","0","546.09","31","1","842.98","1543.79","43.21"
"synthetic-low-0110","synthetic","low","10.03","1","4","2","444.21","9","0","531.86","1575.29","34.13"
"synthetic-high-0047","synthetic","high","53.98","11","21","8","573.35","58","5","2623.8","13566.15","192.02"
"synthetic-low-0271","synthetic","low","9.33","1","8","2","603.33","22","1","774.25","1544.62","66.08"
"synthetic-high-0261","synthetic","high","53.78","7","23","13","731.36","91","6","4483.51","10346.99","147.48"
"synthetic-low-0264","synthetic","low","5.76","1","4","0","742.28","17","1","689.84","2203.92","74.19"
"synthetic-high-0240","synthetic","high","59.55","12","22","19","182.1","66","8","4989.99","16263.65","161.83"
"synthetic-high-0005","synthetic","high","53.86","12","17","15","453.5","50","9","6823.05","14545.81","296.98"
"synthetic-medium-0076","synthetic","medium","16.67","2","9","6","388.99","24","2","2065.03","5142.72","91.1"
"synthetic-low-0178","synthetic","low","14.55","0","1","2","483.06","13","1","462.88","921.4","72.45"
"synthetic-medium-0178","synthetic","medium","23.28","1","7","7","238.71","50","3","1319.97","6431.58","80.39"
"synthetic-medium-0211","synthetic","medium","31.73","1","13","6","502.44","52","4","1347.5","3643.9","114.98"
"synthetic-medium-0049","synthetic","medium","19.62","2","12","7","224.31","29","1","1952.34","6377.71","92.73"
"synthetic-low-0205","synthetic","low","5.63","1","8","1","599.93","21","0","413.03","2074.84","51.48"
"synthetic-low-0093","synthetic","low","8.99","0","2","1","470.7","16","0","389.32","919.56","25.27"
"synthetic-medium-0018","synthetic","medium","23.47","2","6","2","485.22","66","4","1184.92","5689.32","140.2"
"synthetic-low-0242","synthetic","low","7.32","0","5","1","625.6","26","1","669.4","2262","68.38"
"synthetic-low-0281","synthetic","low","14.09","0","3","0","712.7","7","0","609.09","1874.81","35.25"
"synthetic-high-0213","synthetic","high","39.68","6","16","14","895.13","110","8","3860.78","13724.67","238.78"
"synthetic-low-0282","synthetic","low","14.76","0","8","0","525.03","7","1","417.05","1691.62","73.39"
"synthetic-medium-0261","synthetic","medium","24.47","4","14","2","515.82","68","3","1886.17","3856.6","78.5"
"synthetic-low-0053","synthetic","low","8.84","0","2","1","412.75","35","1","690.6","1314.68","73.22"
"synthetic-low-0060","synthetic","low","14.41","0","3","0","453.97","24","1","456.43","1027.55","26.36"
"synthetic-medium-0108","synthetic","medium","28.44","1","16","3","299.18","36","2","1660.58","2761.14","114.52"
"synthetic-medium-0214","synthetic","medium","18.07","2","13","7","473.58","48","1","1067.52","3811.26","71.11"
"synthetic-low-0131","synthetic","low","13.64","0","2","1","706.43","25","1","660.43","2005.7","36.1"
"synthetic-low-0249","synthetic","low","15.88","0","4","0","448.36","6","1","688.17","1617.47","54.81"
"synthetic-high-0087","synthetic","high","51.36","12","40","18","721.46","73","9","5518.42","12927.92","175.18"
"synthetic-high-0143","synthetic","high","59.55","8","35","10","838.51","108","9","4463.89","13467.92","230.97"
"synthetic-medium-0183","synthetic","medium","33.02","1","12","6","264.09","66","3","1104.38","2979.22","129.78"
"synthetic-low-0261","synthetic","low","10.78","1","4","0","466.28","26","1","361.98","1479.68","72.52"
"synthetic-low-0174","synthetic","low","10.48","1","1","0","580.36","23","0","632.49","1331.75","30.81"
"synthetic-low-0002","synthetic","low","7.92","1","1","2","371.28","24","0","437.66","1719.4","31.45"
"synthetic-low-0014","synthetic","low","14.6","1","5","0","605.73","7","0","560.59","1215.13","66.18"
"synthetic-high-0187","synthetic","high","44.21","11","21","14","401.07","112","5","6383.67","14536.18","309.42"
"synthetic-medium-0274","synthetic","medium","15.88","2","17","7","291.36","22","4","1026.65","3966.8","84.11"
"synthetic-low-0052","synthetic","low","14.6","1","1","1","511.52","34","1","300.1","1233.54","61.25"
"synthetic-high-0200","synthetic","high","39.04","11","28","10","385.09","40","4","3806.77","17478.67","314.66"
"synthetic-low-0054","synthetic","low","7.02","0","1","2","470.43","22","1","495.83","973.69","74.45"
"synthetic-medium-0287","synthetic","medium","25.75","2","6","3","354.42","70","4","1036.24","3915.33","145.22"
"synthetic-high-0201","synthetic","high","55.72","13","22","14","170.47","54","8","3689.05","15142.66","311.68"
"synthetic-high-0231","synthetic","high","52.75","12","24","8","891","69","10","2568.34","15835.18","303.56"
"synthetic-high-0280","synthetic","high","29.99","6","25","9","450.15","66","3","6812.15","16005.48","255.18"
"synthetic-medium-0091","synthetic","medium","31.85","3","7","6","349.09","60","4","1750.18","4444.94","88.14"
"synthetic-high-0152","synthetic","high","39.84","5","31","7","358.73","50","7","2752.32","11717.3","192.1"
"synthetic-high-0297","synthetic","high","46.99","11","40","7","772.33","48","9","3023.47","17560.7","247.72"
"synthetic-low-0288","synthetic","low","14.79","1","1","1","367.04","5","0","594.25","1974.27","50.37"
"synthetic-low-0097","synthetic","low","15.87","0","8","2","411.12","26","1","288.53","982.29","59.63"
"synthetic-high-0131","synthetic","high","57.24","14","16","20","294.03","107","8","6381.97","12629.9","174.3"
"synthetic-medium-0207","synthetic","medium","29.14","4","18","7","208.72","32","1","1554.6","4398.64","113.71"
"synthetic-high-0250","synthetic","high","42.07","10","30","18","573.41","99","7","6047.26","14302.87","213.29"
"synthetic-high-0262","synthetic","high","61.15","5","37","20","836.56","73","3","6923.68","13437.33","247.63"
"synthetic-low-0196","synthetic","low","10.5","1","5","0","478.17","13","0","286.71","1882.54","74.28"
"synthetic-low-0296","synthetic","low","9.53","1","6","0","489.02","35","0","848.87","1052.78","26.47"
"synthetic-high-0139","synthetic","high","36.79","5","33","12","180.52","52","4","6194.99","8586.62","242.86"
"synthetic-low-0224","synthetic","low","5.93","1","2","0","516.68","7","1","267.44","2010.22","40.03"
"synthetic-high-0164","synthetic","high","29.92","8","30","9","660.77","48","9","6427.19","12481.79","259.67"
"synthetic-high-0105","synthetic","high","57.65","13","41","20","719.18","57","4","3874.33","15710.06","279.91"
"synthetic-medium-0069","synthetic","medium","26.24","2","12","3","270.89","61","3","2237.82","4935.94","96.75"
"synthetic-medium-0013","synthetic","medium","25.26","3","16","4","290.07","57","3","1753.81","4134.35","108.09"
"synthetic-low-0078","synthetic","low","15.19","1","8","0","563.07","21","1","662.4","1541.19","72.16"
"synthetic-high-0289","synthetic","high","34.35","5","31","7","808.8","111","8","5539.14","15974.56","222.39"
"synthetic-low-0158","synthetic","low","7.53","1","5","1","373.03","24","1","555.16","2109.37","74.3"
"synthetic-high-0291","synthetic","high","59.57","10","27","20","702.09","112","8","5183.14","17400.69","289.81"
"synthetic-high-0101","synthetic","high","39.69","12","37","19","314.93","120","8","5386.37","11952.26","212.25"
"synthetic-high-0249","synthetic","high","42.63","5","37","13","697.23","110","4","6641.93","12441.93","304.36"
"synthetic-medium-0146","synthetic","medium","27.71","2","11","6","415.9","36","1","1697.94","5124.93","100.61"
"synthetic-high-0299","synthetic","high","53.85","9","17","20","101.12","111","9","3597.06","8681.62","312.97"
"synthetic-low-0220","synthetic","low","5.2","0","8","2","433.83","16","0","640.61","1862.76","48.63"
"synthetic-high-0097","synthetic","high","45.47","5","35","19","117.34","98","8","6115.7","13067.93","182.55"
"synthetic-medium-0064","synthetic","medium","30.95","1","18","3","475.18","35","3","1540.95","4806.52","134.43"
"synthetic-low-0289","synthetic","low","9.02","0","8","2","564.16","26","1","682.16","972.23","45.25"
"synthetic-low-0215","synthetic","low","10.8","0","3","0","508.65","25","1","837","1819.9","74.02"
"synthetic-high-0073","synthetic","high","44.24","5","39","15","728.61","107","6","6852.95","11789.23","184.27"
"synthetic-low-0268","synthetic","low","7.88","0","3","0","674.77","6","0","299.96","2002.57","34.08"
"synthetic-low-0164","synthetic","low","15.3","0","2","2","385.94","7","0","316.58","2077.39","46.63"
"synthetic-low-0121","synthetic","low","8.82","1","6","0","672.76","7","1","397.07","1173.95","60.71"
"synthetic-high-0004","synthetic","high","63.72","7","43","13","599.55","79","7","2907.32","16245.94","185.01"
"synthetic-high-0208","synthetic","high","36.81","8","24","10","670.67","51","4","5642.88","7209.06","207.56"
"synthetic-medium-0132","synthetic","medium","17.68","4","10","4","238.62","26","2","2122.29","2666.13","103.23"
"synthetic-high-0051","synthetic","high","54.61","6","29","19","399.08","51","5","3826.62","10229.44","212.36"
"synthetic-high-0300","synthetic","high","47.34","7","31","10","91.06","81","9","6447.19","15593.92","214.3"
"synthetic-low-0247","synthetic","low","14.79","1","8","1","685.25","14","0","677.4","1918.87","59.16"
"synthetic-high-0041","synthetic","high","62.79","14","37","20","290.3","118","5","5391.79","13243.42","259.41"
"synthetic-high-0252","synthetic","high","59.98","11","16","20","584.74","56","6","4284.44","15335.49","235.74"
"synthetic-high-0234","synthetic","high","46.21","8","40","9","485.28","107","6","4645.16","16563.28","171.27"
"synthetic-low-0163","synthetic","low","12","0","6","1","682.26","23","1","851.78","2272.73","33.25"
"synthetic-medium-0161","synthetic","medium","22.09","1","16","3","522.43","60","1","1322.06","3069.56","104.54"
"synthetic-medium-0280","synthetic","medium","23.53","4","16","6","308.93","33","3","1440.49","4353.47","131.55"
"synthetic-high-0064","synthetic","high","49.31","8","36","11","195.2","66","5","5589.49","8631.2","214.79"
"synthetic-high-0237","synthetic","high","31.45","6","22","11","253.61","66","3","5077.01","16929.74","214.2"
"synthetic-high-0236","synthetic","high","34.39","7","30","18","674.77","105","5","3793.87","9806.63","248.13"
"synthetic-low-0104","synthetic","low","12.81","1","4","1","431.69","27","0","614.93","974.63","63.36"
"synthetic-high-0090","synthetic","high","37.66","14","40","9","652.43","73","7","5188.75","16962.1","156.29"
"synthetic-high-0026","synthetic","high","47.3","11","27","12","767.93","113","10","5295.94","13488.46","271.97"
"synthetic-medium-0299","synthetic","medium","21.45","3","12","4","480.78","61","4","1346.81","5485.3","121.54"
"synthetic-low-0013","synthetic","low","10.77","0","7","0","425.49","26","1","757.77","2396.73","49.72"
"synthetic-high-0275","synthetic","high","54.62","5","22","8","164.36","111","5","4406.61","9845.33","312.07"
"synthetic-medium-0088","synthetic","medium","32.04","3","8","2","339.1","22","2","2460.12","2710.39","94.52"
"synthetic-medium-0107","synthetic","medium","31.13","2","9","2","543.91","63","2","909.69","3272.94","125.61"
"synthetic-medium-0136","synthetic","medium","21.97","1","10","4","441.76","67","2","1519.23","5348.46","73.37"
"synthetic-low-0272","synthetic","low","5.45","1","8","0","409.01","20","0","663.53","2010.66","59.33"
"synthetic-low-0113","synthetic","low","15.77","1","4","1","422.91","6","1","808.15","1588.71","70.58"
"synthetic-medium-0110","synthetic","medium","22.38","3","6","2","444.19","70","2","1782.02","5774.95","93.21"
"synthetic-high-0285","synthetic","high","32.07","13","41","17","767.96","67","5","5051.75","7326.17","173.03"
"synthetic-low-0115","synthetic","low","12.08","1","8","2","625.64","5","1","530.65","1165.43","69.77"
"synthetic-high-0106","synthetic","high","57.28","12","44","15","367.48","112","5","5722.03","14486.56","145.43"
"synthetic-low-0008","synthetic","low","9.86","0","2","2","581.65","33","1","351.7","1973.5","51.42"
"synthetic-high-0136","synthetic","high","45.47","13","18","12","422.67","98","6","3802.72","15186.85","244.62"
"synthetic-high-0007","synthetic","high","49.76","10","44","7","432.93","116","9","3074.59","11791.93","285.62"
"synthetic-high-0294","synthetic","high","41.8","14","36","9","861.54","64","5","6637.75","11214.38","205.83"
"synthetic-medium-0125","synthetic","medium","29.35","2","15","3","223.48","66","1","2279","2836.67","107.93"
"synthetic-low-0209","synthetic","low","6.3","1","6","1","710.43","25","0","329.47","2392.46","65.29"
"synthetic-medium-0284","synthetic","medium","28.23","2","6","3","214.85","25","3","1967.56","6432.48","112.87"
"synthetic-low-0269","synthetic","low","14.75","1","7","0","644.81","17","0","822.25","1795.36","57.59"
"synthetic-medium-0137","synthetic","medium","15.59","3","7","3","221.84","23","2","2122.32","3869.24","82.36"
"synthetic-low-0019","synthetic","low","13.55","0","3","2","551.83","28","1","765.71","1678.33","35.97"
"synthetic-high-0121","synthetic","high","62.98","14","40","19","98.66","73","7","6772.9","17892.09","311.08"
"synthetic-high-0118","synthetic","high","58.93","12","20","10","813.04","48","3","3480.61","13292.54","167.25"
"synthetic-high-0256","synthetic","high","34.93","14","18","17","730.52","103","8","6662.57","7481.48","327.61"
"synthetic-low-0081","synthetic","low","14.49","1","4","0","739.83","24","1","440.94","2301.54","41.08"
"synthetic-low-0075","synthetic","low","6.63","0","7","0","378.4","29","1","642.67","1080.09","54.41"
"synthetic-medium-0002","synthetic","medium","20.31","1","6","4","205.16","52","1","2228.96","4256.86","145.82"
"synthetic-medium-0142","synthetic","medium","25.31","4","8","2","502.23","33","1","1906.8","4412.23","96.12"
"synthetic-low-0127","synthetic","low","8.57","1","6","0","729.32","8","0","621.92","2343.12","68.1"
"synthetic-low-0029","synthetic","low","7.53","0","5","0","463.55","19","0","408.43","2008.1","58.52"
"synthetic-medium-0127","synthetic","medium","14.2","2","8","7","254.59","60","3","1504.48","4703.58","87.63"
"synthetic-medium-0150","synthetic","medium","22.48","3","10","3","318.02","60","2","1202.29","3279.06","117.4"
"synthetic-high-0133","synthetic","high","60.85","8","18","16","810.64","111","8","6983","10393.26","140.42"
"synthetic-low-0300","synthetic","low","12.97","1","2","0","641.8","31","1","618.78","1621.68","50.34"
"synthetic-low-0161","synthetic","low","7.02","1","8","1","483.77","17","1","441.71","1130.92","42.2"
"synthetic-low-0003","synthetic","low","11.78","0","2","0","473.92","30","0","852.95","943.46","70.54"
"synthetic-medium-0289","synthetic","medium","31.12","3","8","2","344.23","69","4","2151.87","5507.05","141.67"
"synthetic-high-0069","synthetic","high","36.27","8","39","9","195.73","74","9","4994.79","10198.47","203.68"
"synthetic-medium-0230","synthetic","medium","18.98","3","18","7","286.21","70","1","1632.91","6241.93","127.03"
"synthetic-low-0123","synthetic","low","9.13","1","8","2","565.08","24","1","253.15","1603.03","56.88"
"synthetic-medium-0175","synthetic","medium","26.61","1","6","2","228.33","68","1","1211.78","3983.72","103.34"
"synthetic-low-0253","synthetic","low","15.25","0","3","2","490.29","11","1","877.79","1532.51","48.96"
"synthetic-high-0283","synthetic","high","47.88","13","22","14","639.49","71","5","3050.88","8006.45","318.08"
"synthetic-medium-0269","synthetic","medium","32.52","3","7","2","293.68","32","3","2434.33","5628.11","88.55"
"synthetic-medium-0263","synthetic","medium","27.67","1","6","4","434.03","52","2","2358.87","3570.36","147.23"
"synthetic-low-0059","synthetic","low","5.48","0","3","2","612.26","10","1","881.14","2115.42","31.1"
"synthetic-high-0257","synthetic","high","49.7","7","32","17","863.19","107","4","2711.89","16787.11","243.78"
"synthetic-medium-0032","synthetic","medium","15.43","4","17","5","316.05","61","2","1647","2811.9","148.04"
"synthetic-high-0182","synthetic","high","42.71","10","21","8","116.8","86","6","4796.74","16266","229.98"
"synthetic-low-0222","synthetic","low","13.26","0","3","0","674.27","12","1","360.38","1214.3","53.5"
"synthetic-high-0157","synthetic","high","50.88","4","43","11","493.13","58","6","2689.61","14817.01","169.02"
"synthetic-high-0100","synthetic","high","54.12","14","20","14","532.45","56","3","3730.47","10008.98","218.16"
"synthetic-medium-0016","synthetic","medium","16.89","4","15","3","357.16","33","4","1725.55","5931.29","137.55"
"synthetic-low-0135","synthetic","low","5.77","1","2","0","570.97","15","0","549.45","1234.75","56.1"
"synthetic-low-0190","synthetic","low","13.72","0","1","0","581.44","21","0","484.64","1934.45","25.73"
"synthetic-medium-0157","synthetic","medium","27.86","3","11","7","321.6","39","3","1873.27","4843.33","103.93"
"synthetic-medium-0236","synthetic","medium","27.26","3","13","7","511.8","60","1","1086.03","5636.94","147.25"
"synthetic-medium-0003","synthetic","medium","23.92","1","10","3","528.97","58","1","1897.56","2794.23","100.54"
"synthetic-low-0262","synthetic","low","7.67","1","3","2","574.05","7","0","716.58","1169.94","35.46"
"synthetic-high-0278","synthetic","high","35.57","6","20","19","550.3","118","4","4040.77","17804.48","228.6"
"synthetic-medium-0031","synthetic","medium","16.05","1","9","5","430.42","47","4","1964.37","5048.73","94.08"
"synthetic-low-0009","synthetic","low","8.48","0","1","1","536.39","21","1","830.86","2239.33","45.08"
"synthetic-medium-0232","synthetic","medium","26.98","1","13","5","469.06","61","3","1147.77","3654.68","117.25"
"synthetic-low-0225","synthetic","low","14.85","1","7","0","577.3","31","0","504.1","2310.49","45.68"
"synthetic-high-0160","synthetic","high","37.61","11","34","11","377.37","71","6","4030.28","7154.26","220.98"
"synthetic-medium-0219","synthetic","medium","33.32","1","10","6","344.47","35","2","2425.65","3996.66","112.16"
"synthetic-high-0219","synthetic","high","60.38","6","22","17","631.57","108","8","6492.25","10483.4","171.6"
"synthetic-low-0154","synthetic","low","15.14","1","1","1","392.76","33","1","640.64","2144.12","29.39"
"synthetic-medium-0095","synthetic","medium","17.25","2","11","2","440.44","37","4","1892.64","4405.47","101.13"
"synthetic-high-0114","synthetic","high","42.59","8","37","18","787.87","61","10","5084.52","7710.54","246.42"
"synthetic-high-0102","synthetic","high","61.66","12","45","8","476.2","48","6","5213.28","7349.93","299.5"
"synthetic-low-0112","synthetic","low","9.84","1","5","0","664.72","29","0","650.42","1854.01","46.98"
"synthetic-low-0275","synthetic","low","10.98","1","6","2","606.33","6","0","736.44","2125.76","41.75"
"synthetic-medium-0285","synthetic","medium","25.83","1","14","7","251.42","52","3","1080.91","3108.92","89.6"
"synthetic-high-0274","synthetic","high","55.22","7","37","8","690.35","112","8","6691.49","14520.62","237.33"
"synthetic-low-0091","synthetic","low","9.44","0","5","0","446.92","30","1","327.24","1417.72","58.22"
"synthetic-low-0042","synthetic","low","12.64","1","2","2","424.15","7","0","464.45","1117.03","47.81"
"synthetic-high-0171","synthetic","high","46.29","12","44","7","147.83","64","10","4554.91","12525.89","249.72"
"synthetic-low-0177","synthetic","low","11.02","0","3","2","708.24","9","0","883.16","1580.88","56.74"
"synthetic-low-0034","synthetic","low","6.57","1","8","2","447.13","31","0","797.82","1854.49","42.23"
"synthetic-high-0279","synthetic","high","41.72","12","27","18","493.5","99","7","3117.53","16108.73","205.2"
"synthetic-low-0221","synthetic","low","12","0","5","2","620.49","16","0","443.69","2063.94","30.56"
"synthetic-medium-0140","synthetic","medium","23.03","2","6","3","352.39","25","1","2104.3","5043.41","149.4"
"synthetic-low-0084","synthetic","low","10.61","0","3","0","417.32","8","1","797.84","1935.19","46.27"
"synthetic-low-0273","synthetic","low","9.13","1","8","0","664.21","10","1","807.55","2400.14","63.84"
"synthetic-low-0018","synthetic","low","15.35","1","5","1","544.27","19","1","712.13","1643.58","73.92"
"synthetic-medium-0163","synthetic","medium","19.57","4","14","6","385.73","68","4","1625.71","4481.01","88.57"
"synthetic-high-0292","synthetic","high","60.44","9","29","15","699.17","96","3","6295.36","12740.91","324.68"
"synthetic-high-0092","synthetic","high","41.41","4","42","20","574.03","42","9","6824.88","8997.24","272.36"
"synthetic-low-0236","synthetic","low","9.93","1","2","1","650.62","28","0","757.96","1948.38","63.87"
"synthetic-high-0006","synthetic","high","58.82","9","21","7","437.62","63","3","4502.6","13370.95","283.01"
"synthetic-high-0149","synthetic","high","31.43","14","42","19","141.6","84","9","2777.88","13856.72","170.04"
"synthetic-medium-0040","synthetic","medium","27.45","4","18","4","439.24","48","1","1974.19","4550.92","82.37"
"synthetic-low-0290","synthetic","low","7.16","0","2","0","747.15","5","0","340.44","2271.51","52.06"
"synthetic-medium-0008","synthetic","medium","16.05","3","6","5","222.31","42","4","1781.39","3807.65","79.86"
"synthetic-low-0152","synthetic","low","15.55","1","7","2","440.36","26","1","885.55","1448.54","38.17"
"synthetic-medium-0134","synthetic","medium","28.66","4","14","3","424.51","56","4","1041.4","5028.05","101.04"
"synthetic-high-0132","synthetic","high","32.08","6","30","18","614.23","57","8","5228.25","14673.35","154.33"
"synthetic-medium-0254","synthetic","medium","28.15","2","18","4","239.8","34","2","1251.95","6370.73","141.64"
"synthetic-low-0021","synthetic","low","5.88","1","1","2","355.54","13","1","708.19","1005.68","31.67"
"synthetic-high-0095","synthetic","high","31.26","10","28","16","408.74","54","9","4533.27","8993.91","174.91"
"synthetic-medium-0050","synthetic","medium","25.28","2","16","4","343.66","52","3","1641.63","4771.39","120.86"
"synthetic-low-0026","synthetic","low","10.44","0","5","1","416.72","8","1","676.45","1605.38","58.86"
"synthetic-medium-0291","synthetic","medium","16.72","3","18","5","307.92","24","4","2266.58","5816.44","117.47"
"synthetic-high-0212","synthetic","high","35.54","9","45","16","708.48","119","3","5981.16","12154.98","161.95"
"synthetic-medium-0034","synthetic","medium","26.68","1","12","3","261.57","47","4","2163.59","3723.6","120.1"
"synthetic-low-0142","synthetic","low","8.18","1","7","0","631.13","17","0","531.19","1834.01","53.57"
"synthetic-high-0253","synthetic","high","49.23","9","44","7","336.63","54","9","3959.16","16592.27","317.02"
"synthetic-high-0089","synthetic","high","56.73","5","43","8","662.81","63","4","5318.58","8682.38","279.08"
"synthetic-high-0029","synthetic","high","51.95","11","38","12","754.51","112","9","2948.35","10876.01","181.57"
"synthetic-high-0193","synthetic","high","45.35","6","16","8","440.08","108","6","3222.79","14199.85","157.23"
"synthetic-high-0211","synthetic","high","32.83","7","23","9","479.15","65","3","5347.7","16066.87","177.1"
"synthetic-high-0099","synthetic","high","37.07","10","45","18","841.46","92","8","4036.95","14816.89","157.65"
"synthetic-high-0271","synthetic","high","33.6","6","35","7","88.78","93","6","6805.49","17020.18","315.6"
"synthetic-high-0222","synthetic","high","63.79","5","28","7","814.94","112","10","6646.63","15654.37","226.88"
"synthetic-low-0082","synthetic","low","10.79","0","6","2","635.04","21","0","610.38","2345.04","35.45"
"synthetic-low-0250","synthetic","low","13.75","1","4","2","542.01","7","0","519.29","1021.29","68.77"
"synthetic-medium-0019","synthetic","medium","18.07","3","9","2","413.27","67","3","2252.05","6172.8","77.97"
"synthetic-medium-0300","synthetic","medium","17.4","2","8","7","350.95","48","4","2464.97","3661.09","72.28"
"synthetic-high-0116","synthetic","high","29.78","9","24","8","356.06","104","6","6895.69","8605.75","186.42"
"synthetic-high-0115","synthetic","high","59.7","6","43","16","657.26","84","6","2716.68","13241.86","252.22"
"synthetic-high-0246","synthetic","high","34.03","7","26","15","877.49","53","3","2684.47","14669.85","228.06"
"synthetic-high-0207","synthetic","high","33.15","13","30","16","150.51","80","4","6236.95","15759.91","181.42"
"synthetic-medium-0273","synthetic","medium","17.78","1","17","5","355.46","69","4","1497.09","4374.57","148.71"
"synthetic-high-0176","synthetic","high","52.29","8","24","8","219.1","62","10","6064.38","14656.94","326.6"
"synthetic-low-0298","synthetic","low","14.94","1","4","0","672.22","31","0","801.3","1325.25","46.9"
"synthetic-medium-0038","synthetic","medium","26.86","2","18","6","390.65","31","2","928.08","3312.19","72.3"
"synthetic-low-0083","synthetic","low","10.58","1","6","1","630.21","13","1","817.02","1338.89","27.06"
"synthetic-low-0192","synthetic","low","8.64","1","7","1","388.18","21","1","428.21","1543.1","37.86"
"synthetic-high-0247","synthetic","high","36.76","12","23","14","234.76","77","9","6695.91","11456.1","180.82"
"synthetic-low-0071","synthetic","low","10.35","0","5","0","572.65","6","1","454.12","2395.38","65.99"
"synthetic-medium-0248","synthetic","medium","17.96","3","8","6","471.88","47","2","2105.12","6113.43","137.2"
"synthetic-high-0153","synthetic","high","60.21","12","30","10","155.14","54","6","5167.4","11915.39","215.4"
"synthetic-high-0022","synthetic","high","64.45","10","31","20","539.36","61","3","2540.38","16458.83","306.99"
"synthetic-high-0217","synthetic","high","29.2","10","37","12","550.94","41","8","6344.21","10984.31","223.2"
"synthetic-low-0156","synthetic","low","7.71","0","3","2","652.16","23","0","505.52","1033.01","38.09"
"synthetic-low-0176","synthetic","low","11.99","0","3","0","704.25","35","0","388","1690.66","49.14"
"synthetic-low-0050","synthetic","low","11.05","0","4","2","417.9","25","0","511.37","2272.72","62.48"
"synthetic-medium-0176","synthetic","medium","16.12","3","12","3","304.93","66","4","1557.43","3812.75","146.12"
"synthetic-high-0126","synthetic","high","55.05","13","23","20","238.05","91","3","2588.73","9012.76","229.11"
"synthetic-low-0237","synthetic","low","9.67","0","7","2","481.65","20","1","257.27","2452.53","31.05"
"synthetic-low-0294","synthetic","low","14.36","1","1","1","567.11","18","0","397.49","1593.34","32.09"
"synthetic-medium-0082","synthetic","medium","28.21","1","17","6","451.43","34","3","1962.58","2955.64","88.14"
"synthetic-low-0022","synthetic","low","14.98","0","7","2","523.55","11","1","849.52","1754.97","34.4"
"synthetic-low-0094","synthetic","low","10.72","1","7","0","693.05","30","1","888.55","1617.75","61.01"
"synthetic-medium-0253","synthetic","medium","18.41","1","15","6","296.65","33","2","1148.35","5252.14","81.9"
"synthetic-low-0132","synthetic","low","5.81","0","7","0","480.09","26","1","774.08","1197.42","54.98"
"synthetic-medium-0225","synthetic","medium","18.02","2","8","7","273.58","55","1","1754.72","5938.12","109.91"
"synthetic-low-0004","synthetic","low","5.62","1","8","0","357.03","23","1","396.83","1807.66","28.23"
"synthetic-medium-0118","synthetic","medium","18.61","4","18","6","473.7","29","4","1958.25","6486.02","128.09"
"synthetic-high-0142","synthetic","high","60.58","10","40","9","402.78","111","8","5461.78","14364.38","154.84"
"synthetic-high-0295","synthetic","high","50.72","9","33","8","378.64","63","9","5836.37","17147.41","248.96"
"synthetic-high-0243","synthetic","high","47.57","4","19","8","763.62","65","3","3186.07","11221.48","213.22"
"synthetic-medium-0159","synthetic","medium","19.53","4","8","7","441.47","55","1","929.2","2572.98","109.81"
"synthetic-low-0263","synthetic","low","13.59","0","7","1","555.41","6","0","524.94","1098.24","68.41"
"synthetic-high-0197","synthetic","high","44.22","9","25","12","730.89","116","9","4401.99","14457.06","140.7"
"synthetic-high-0195","synthetic","high","37.56","10","21","14","745.86","107","4","6514.02","13094.08","171"
"synthetic-low-0265","synthetic","low","14.09","1","7","0","372.26","24","0","693.51","1048.64","45.16"
"synthetic-medium-0006","synthetic","medium","30.15","4","10","6","465.84","45","2","2225.53","6066.01","100.52"
"synthetic-high-0254","synthetic","high","39.4","5","17","18","447.37","115","5","6713.79","17603.55","158.48"
"synthetic-medium-0145","synthetic","medium","23.24","4","9","6","487.54","39","3","2042.87","2800.15","96.26"
"synthetic-high-0033","synthetic","high","63.37","14","45","11","244.2","80","3","5213.25","8700.06","231.11"
"synthetic-high-0287","synthetic","high","56.64","12","27","20","784.25","91","10","5775.76","16384.49","324.67"
"synthetic-medium-0270","synthetic","medium","30.67","4","7","6","400.32","32","4","968.18","2624.95","97.08"
"synthetic-medium-0272","synthetic","medium","32.27","3","12","3","390.45","40","1","1927.91","3583.1","149.99"
"synthetic-low-0125","synthetic","low","14.94","1","4","2","464.85","22","0","774.48","1417.6","31.87"
"synthetic-high-0021","synthetic","high","34.66","12","44","20","703.53","89","9","3020.13","12597.19","268.16"
"synthetic-high-0061","synthetic","high","59.18","4","45","11","579.82","69","10","4840.91","7476.23","277.16"
"synthetic-high-0127","synthetic","high","56.09","8","40","18","111.61","111","5","2545.28","11098.65","243.86"
"synthetic-low-0035","synthetic","low","7.18","0","3","0","527.4","20","0","407.34","1118.99","40.35"
"synthetic-low-0015","synthetic","low","13.19","1","5","2","510.5","15","0","748.81","1987.95","65.66"
"synthetic-high-0181","synthetic","high","51.14","10","37","9","825.67","47","7","5153.62","17863.77","197.54"
"synthetic-high-0085","synthetic","high","61.08","11","44","12","703.33","85","5","3452.9","14503.02","140.01"
"synthetic-high-0038","synthetic","high","39.68","10","29","9","343.03","101","8","5595.23","12764","272.66"
"synthetic-low-0160","synthetic","low","11.07","1","4","1","518.64","26","1","851.41","1421.48","28.57"
"synthetic-medium-0223","synthetic","medium","29.84","1","14","6","444.61","31","1","1843.71","6497.18","135.01"
"synthetic-low-0204","synthetic","low","8.41","1","3","1","444.95","9","1","285.02","900.74","41.22"
"synthetic-low-0297","synthetic","low","12.73","0","6","1","499.7","9","0","537.02","1243.48","34.68"
"synthetic-high-0067","synthetic","high","54.43","9","27","7","366.98","119","5","6066.58","14579.9","259.47"
"synthetic-medium-0242","synthetic","medium","15.34","1","12","3","413.05","36","2","1638.88","4612.4","130.39"
"synthetic-low-0088","synthetic","low","6.98","0","2","1","580.13","28","0","703.11","2352.1","46.17"
"synthetic-high-0023","synthetic","high","38.67","8","22","16","309.24","100","8","5692.21","8209.31","251.86"
"synthetic-medium-0112","synthetic","medium","26.94","3","10","4","360.37","52","1","1320.81","3256.34","122.59"
"synthetic-medium-0169","synthetic","medium","25.73","4","9","6","392.36","65","3","1053.33","2618.08","119.9"
"synthetic-low-0254","synthetic","low","10.99","0","7","2","427.03","17","0","897.18","2497.54","25.38"
"synthetic-low-0168","synthetic","low","13.96","1","8","1","371.3","14","0","803.94","1735.15","43.76"
"synthetic-low-0107","synthetic","low","6.45","1","7","2","736.42","17","1","683.09","2095.96","69.46"
"synthetic-high-0011","synthetic","high","32.79","12","22","15","767.91","65","8","6144.2","16314.64","221.14"
"synthetic-high-0110","synthetic","high","47.4","14","25","10","539.47","72","10","3711.48","15728.52","224.4"
"synthetic-high-0175","synthetic","high","60.28","6","42","16","670.41","104","10","6920.36","8823.87","306.02"
"synthetic-high-0091","synthetic","high","50.02","6","39","17","685.79","100","4","6375.09","14113.27","294.31"
"synthetic-medium-0208","synthetic","medium","17.71","4","10","2","389","57","3","1934.53","5556.41","99.71"
"synthetic-medium-0234","synthetic","medium","30.98","3","15","7","327.51","42","4","1807.21","2987.39","134.97"
"synthetic-medium-0063","synthetic","medium","24.42","2","11","3","538.28","20","2","1333.23","4677.6","141.95"
"synthetic-medium-0005","synthetic","medium","33.1","4","15","7","502.12","67","3","1023.28","5009.7","79.02"
"synthetic-medium-0124","synthetic","medium","22.57","3","14","3","338.99","58","2","1818.28","3554.25","106.69"
"synthetic-low-0128","synthetic","low","11.85","1","4","1","401.53","18","1","475.08","1142.7","40.32"
"synthetic-high-0172","synthetic","high","39.89","11","31","10","625.44","87","6","6463.81","9678.58","297.18"
"synthetic-medium-0153","synthetic","medium","27.77","4","10","3","354.14","68","3","1735.5","5781.74","87.24"
"synthetic-low-0076","synthetic","low","8.65","1","1","1","472.53","5","1","591.5","1928.81","42.23"
"synthetic-medium-0015","synthetic","medium","27.71","3","16","3","212.64","35","4","1300.27","4278.87","139.93"
"synthetic-medium-0066","synthetic","medium","20.72","2","10","5","399.9","23","4","1121.66","6191.16","108.55"
"synthetic-low-0124","synthetic","low","7.06","1","2","2","747.55","17","1","522.98","1244.56","56.03"
"synthetic-medium-0144","synthetic","medium","14.92","3","10","2","485.49","57","2","2079.24","4717.13","136.14"
"synthetic-high-0241","synthetic","high","62.04","14","27","7","723.67","43","3","6068.96","11710.94","201.43"
"synthetic-low-0246","synthetic","low","6.53","1","1","2","491.68","27","0","754.63","1754.71","29.98"
"synthetic-medium-0100","synthetic","medium","26.21","2","8","4","510.94","65","2","2169.75","3148.64","134.41"
"synthetic-high-0077","synthetic","high","63.01","6","41","7","314.26","105","8","3430.98","12475.2","317.2"
"synthetic-high-0167","synthetic","high","46","10","20","16","217.06","67","4","3082.36","13743.32","273.33"
"synthetic-medium-0075","synthetic","medium","21.86","4","8","5","482.21","64","4","1903.04","6116.62","97.52"
"synthetic-high-0146","synthetic","high","36.32","8","26","13","508.79","98","5","5422.29","8137.93","272.66"
"synthetic-high-0050","synthetic","high","43.29","13","45","9","885.01","92","7","3006.67","17761.54","159.17"
"synthetic-high-0083","synthetic","high","53.62","7","32","8","274.45","49","8","3375.03","10699.07","328.65"
"synthetic-high-0134","synthetic","high","39.74","9","25","10","637.59","46","8","5298.72","13542.73","246.69"
"synthetic-low-0111","synthetic","low","10.04","0","5","1","519.18","14","0","350.78","2441.2","33.84"
"synthetic-high-0205","synthetic","high","40.16","4","16","15","137.87","65","10","2849.49","14905.46","211.72"
"synthetic-medium-0116","synthetic","medium","25.83","2","10","2","387.82","40","1","1150.26","3147.91","124.32"
"synthetic-high-0179","synthetic","high","49.11","4","40","18","629.67","98","3","4611.03","16377.37","325.67"
"synthetic-low-0032","synthetic","low","11.61","1","1","2","515.58","5","0","417.62","2428.49","67.14"
"synthetic-high-0003","synthetic","high","37.38","13","42","15","759.57","96","3","5976.51","11556.28","213.09"
"synthetic-high-0141","synthetic","high","31.47","8","18","10","436.88","112","5","5318.07","11406.63","263.92"
"synthetic-medium-0245","synthetic","medium","23.16","1","6","7","264.3","51","3","1396.36","5005.14","126.45"
"synthetic-high-0071","synthetic","high","46.55","11","39","13","416.76","94","9","6839.38","12655.96","302.86"
"synthetic-high-0215","synthetic","high","64.22","12","34","7","814.89","73","5","3224.62","8725.94","269.1"
"synthetic-high-0082","synthetic","high","39.49","9","24","11","289.33","80","6","2573.25","8296.36","194.12"
"synthetic-high-0066","synthetic","high","60.64","9","38","11","573.6","50","3","4837.96","11952.42","248.73"
"synthetic-high-0224","synthetic","high","60.71","8","35","14","539.12","91","4","5770.5","15153.52","207.19"
"synthetic-medium-0235","synthetic","medium","14.62","1","7","3","272.63","50","4","992.09","3887.23","140.22"
"synthetic-low-0065","synthetic","low","5.17","1","6","1","494.59","33","0","384.83","1039.68","55.05"
"synthetic-low-0170","synthetic","low","10.08","1","4","1","362.91","25","1","310.95","2461.55","67.71"
"synthetic-high-0228","synthetic","high","44.84","4","32","16","534.79","76","3","3998.38","8911.72","192.34"
"synthetic-low-0100","synthetic","low","6.23","0","8","2","459.78","26","0","809.81","2408.98","46.05"
"synthetic-high-0184","synthetic","high","47.14","11","45","15","871.73","68","10","5048","13281.53","293.72"
"synthetic-medium-0238","synthetic","medium","30.35","2","11","4","317.41","35","2","2057.09","5765.78","120.01"
"synthetic-low-0283","synthetic","low","8.81","0","3","2","474.22","29","1","615.16","2029.17","55.14"
"synthetic-medium-0090","synthetic","medium","30","4","18","5","372.3","62","2","1974.23","2666.08","146.92"
"synthetic-high-0063","synthetic","high","61.14","4","39","19","279.53","100","9","3038.21","13911.37","174.44"
"synthetic-medium-0155","synthetic","medium","27.21","3","14","3","253.54","68","3","1214.61","4304.73","146.37"
"synthetic-high-0210","synthetic","high","38.79","7","16","16","392.46","76","8","3863.82","8181.63","323.65"
"synthetic-medium-0020","synthetic","medium","15.63","2","13","5","332.27","21","1","1587.49","4994.14","106.06"
"synthetic-high-0216","synthetic","high","63.9","7","39","11","550.68","54","8","5900.68","16496.57","169.02"
"synthetic-high-0245","synthetic","high","60.81","10","28","13","179.27","48","3","2896.12","12603.31","245.97"
"synthetic-low-0240","synthetic","low","8.03","0","6","1","628.43","7","0","888.19","2294.18","52.48"
"synthetic-high-0268","synthetic","high","49.7","4","44","14","508.02","109","10","4704.4","8175.01","147.07"
"synthetic-low-0248","synthetic","low","13.4","1","8","1","608.42","33","1","332.76","1909.12","73.55"
"synthetic-high-0284","synthetic","high","30.82","11","45","14","356.13","43","6","3798.47","10002.43","293.44"
"synthetic-medium-0121","synthetic","medium","19.38","2","9","5","375.34","32","3","2043.84","3793.77","101.51"
"synthetic-high-0117","synthetic","high","64.73","4","40","13","241.48","79","4","2958.16","9794.6","304.78"
"synthetic-medium-0079","synthetic","medium","20.44","2","6","7","428.14","63","3","2499.74","4613.06","133.14"
"synthetic-high-0020","synthetic","high","40.77","6","36","11","746.72","88","7","2704.74","8181.44","280.76"
"synthetic-high-0230","synthetic","high","54.02","14","29","7","433.58","57","10","3678.53","13814.09","235.4"
"synthetic-high-0258","synthetic","high","53.21","4","42","15","685.57","55","10","2765.73","15810.46","169.88"
"synthetic-high-0223","synthetic","high","56.33","4","38","19","429.56","79","7","4423.9","14862.3","283.02"
"synthetic-low-0256","synthetic","low","8.32","1","3","2","498.74","10","0","550.53","2309.79","34.45"
"synthetic-low-0184","synthetic","low","15.13","1","6","2","705.28","13","0","888.73","1244.77","26.17"
"synthetic-low-0208","synthetic","low","5.31","0","4","2","597.16","11","1","262.97","1830.05","42.9"
"synthetic-medium-0126","synthetic","medium","14.31","1","15","4","514.36","24","3","1805.49","3393.71","84.14"
"synthetic-high-0242","synthetic","high","50.93","6","37","20","95.04","74","5","6877.15","9990.41","277.38"
"synthetic-high-0018","synthetic","high","37.43","4","22","17","114.95","101","3","6090.67","14528.13","227.09"
"synthetic-high-0016","synthetic","high","53.44","14","30","17","542.63","52","7","2899.64","9872.04","243.47"
"synthetic-low-0037","synthetic","low","11.24","1","5","2","574.5","8","0","469.7","1552.34","33.84"
"synthetic-low-0148","synthetic","low","5.1","0","5","2","642.58","29","1","473.98","1044.47","54.53"
"synthetic-high-0039","synthetic","high","32.7","8","27","12","298.03","87","10","4100.33","12148.3","142.05"
"synthetic-high-0084","synthetic","high","60.86","13","23","9","125.16","51","8","6289.28","15046.63","170.63"
"synthetic-high-0270","synthetic","high","42.75","13","19","8","465.32","70","6","5264.74","7132.14","143.57"
"synthetic-high-0057","synthetic","high","52.69","13","45","11","136.84","83","10","2896","11863.04","156.2"
"synthetic-low-0257","synthetic","low","5.56","0","5","1","725.11","22","0","407.08","955.86","30.46"
"synthetic-low-0203","synthetic","low","9.78","1","6","2","494.67","10","1","387.47","1198.45","52.03"
"synthetic-medium-0278","synthetic","medium","33.96","1","16","3","468.67","52","4","1059.29","5154.09","139.04"
"synthetic-medium-0129","synthetic","medium","20","4","15","5","427.02","56","1","1807.76","2858.7","112.7"
"synthetic-medium-0199","synthetic","medium","27.15","4","15","3","266.96","21","3","2124.56","3966.8","113.63"
"synthetic-low-0134","synthetic","low","13.11","0","6","2","503.46","33","1","454.01","1754.97","38.75"
"synthetic-low-0137","synthetic","low","10.34","0","6","1","653.14","7","0","393.93","1599.1","60.69"
"synthetic-medium-0156","synthetic","medium","14.35","4","11","7","240.35","29","2","1653.09","6462.62","101.72"
"synthetic-high-0198","synthetic","high","42.97","14","34","13","584.07","61","10","4504.62","15951.19","177.08"
"synthetic-high-0209","synthetic","high","53.28","10","44","12","616.9","76","9","3535.23","17469.22","299.48"
"synthetic-low-0157","synthetic","low","12.36","0","8","2","420.57","6","1","584.77","1690.01","63.86"
"synthetic-high-0035","synthetic","high","37.07","9","40","14","625.14","56","10","4926.98","8359.87","203.78"
"synthetic-low-0212","synthetic","low","9.23","1","1","2","543.07","6","1","488.17","2495.41","60.67"
"synthetic-high-0220","synthetic","high","58.55","12","17","14","861.64","73","10","5108.21","16089.9","142.38"
"synthetic-low-0145","synthetic","low","14.32","0","1","2","632.1","12","1","336.07","2142.17","48.24"
"synthetic-high-0290","synthetic","high","50.53","14","22","13","120.53","92","5","2614.83","9354.19","164.22"
"synthetic-low-0188","synthetic","low","15.69","1","6","0","637.89","24","0","559.56","1415.44","33.39"
"synthetic-medium-0081","synthetic","medium","22.07","4","13","5","491.11","69","1","1243.91","2535.43","144.26"
"synthetic-high-0103","synthetic","high","40.3","10","21","19","656.62","112","7","4639.2","8757.71","236.53"
"synthetic-high-0227","synthetic","high","42.99","9","24","13","281.13","51","9","6437.38","11078.95","218.88"
"synthetic-high-0109","synthetic","high","41.85","14","40","14","348.71","116","5","3038.93","15962.23","224.03"
"synthetic-medium-0096","synthetic","medium","25.13","2","14","5","343.29","67","3","2163.01","2706.82","123.99"
"synthetic-high-0093","synthetic","high","44.16","9","39","17","90.16","104","8","5727.52","16120.8","288.45"
"synthetic-low-0136","synthetic","low","6.57","0","5","2","711.7","11","1","383.54","1150.26","32.02"
"synthetic-medium-0087","synthetic","medium","29.93","3","15","3","273.29","49","2","2002.67","6185.16","88.44"
"synthetic-high-0123","synthetic","high","56.89","13","23","7","861.66","103","4","3818.07","16184.82","165.77"
"synthetic-medium-0083","synthetic","medium","21.27","1","6","7","362.69","29","3","1694.82","3266.64","99.28"
"synthetic-medium-0073","synthetic","medium","30.14","4","13","5","361.03","21","1","2091.61","5236.07","108.86"
"synthetic-low-0227","synthetic","low","13.35","0","1","1","708.21","28","1","701.19","1695.07","71.07"
"synthetic-medium-0085","synthetic","medium","31.87","3","6","4","266.05","30","4","1752.75","5761.66","98.91"
"synthetic-medium-0058","synthetic","medium","18.61","2","8","6","379.31","65","4","1681.56","3906.1","87.83"
"synthetic-high-0122","synthetic","high","53.86","10","18","7","871.03","120","5","6777.86","13542.8","233.74"
"synthetic-low-0218","synthetic","low","9.93","0","1","0","532.38","34","1","442.36","2019.85","55.25"
"synthetic-high-0135","synthetic","high","57.71","13","44","17","97.3","88","9","4681.02","14576.1","221.84"
"synthetic-medium-0059","synthetic","medium","26.05","4","6","3","277.43","44","2","2395.65","4653.66","75.13"
"synthetic-low-0140","synthetic","low","9.61","1","2","0","378.48","27","0","473.49","1508.1","47.52"
"synthetic-high-0124","synthetic","high","47.33","7","41","14","772.68","115","6","5060.77","15243.22","241.03"
"synthetic-low-0187","synthetic","low","6.45","0","5","0","672.1","19","1","819.35","1447.85","66.87"
"synthetic-medium-0052","synthetic","medium","23.9","2","9","7","467.02","43","4","2342.79","6325.73","115.39"
"synthetic-medium-0022","synthetic","medium","19.1","2","14","5","472.34","43","1","1201.42","3446.39","108.42"
"synthetic-low-0182","synthetic","low","5.76","0","8","1","425.83","20","0","770.5","1000.8","35.62"
"synthetic-low-0186","synthetic","low","7.54","1","2","2","554.94","13","1","286.72","1747.77","61.56"
"synthetic-high-0232","synthetic","high","49.29","6","28","20","805.47","95","10","5842.88","9708.87","166.39"
"synthetic-high-0206","synthetic","high","29.7","12","39","12","868.63","91","9","2852.51","13831.85","181.75"
"synthetic-low-0226","synthetic","low","13.65","0","7","1","705.63","35","1","770.08","1108.42","63.47"
"synthetic-high-0098","synthetic","high","57.01","4","28","12","254.53","85","7","3331.32","9734.11","197.57"
"synthetic-low-0219","synthetic","low","14.64","0","6","2","543.56","27","0","367.26","1857.46","66.92"
"synthetic-high-0264","synthetic","high","41.76","11","18","11","420.94","92","6","2747.11","11210.66","155.75"
"synthetic-high-0113","synthetic","high","31.68","13","33","10","836.73","40","9","3922.14","11277.25","271.23"
"synthetic-high-0273","synthetic","high","43.56","8","42","18","674.04","118","8","2878.39","8591.69","229.8"
"synthetic-high-0138","synthetic","high","52.74","10","19","18","781.44","57","3","5726.47","7759.21","291.52"
"synthetic-high-0214","synthetic","high","37.41","10","24","8","445.2","82","7","4384.28","7867.45","190.93"
"synthetic-high-0239","synthetic","high","54.86","10","40","18","132.32","98","10","3546.06","15933.21","141.17"
"synthetic-low-0181","synthetic","low","6.84","1","3","0","488.69","10","1","874.23","1956.05","42.32"
"synthetic-low-0216","synthetic","low","13.2","1","1","0","538.32","11","1","467.65","2197.47","57.61"
"synthetic-high-0137","synthetic","high","64.99","11","17","15","527.71","60","3","6290.21","9980.46","159.09"
"synthetic-low-0172","synthetic","low","9.22","1","3","2","655.26","12","1","564.94","1476.81","32.22"
"synthetic-low-0213","synthetic","low","8.49","1","8","2","461.79","23","1","795.12","2342.47","50.39"
"synthetic-low-0211","synthetic","low","12.32","1","3","0","506.07","27","0","479.07","958.68","42.43"
"synthetic-low-0214","synthetic","low","7.32","0","1","1","518.33","19","0","815.48","1826.76","66.14"
"synthetic-high-0272","synthetic","high","50.84","9","38","7","159.95","67","6","2899.35","12515.48","215.17"
"synthetic-low-0228","synthetic","low","11.89","0","7","1","744.45","12","0","696.19","1248.76","27.78"
"synthetic-low-0185","synthetic","low","12.64","1","4","2","627.53","27","1","623.71","1946.18","72.91"
"synthetic-low-0200","synthetic","low","14","1","4","2","684.19","31","1","876.49","1459.44","59.85"
"synthetic-low-0193","synthetic","low","14.56","0","3","2","595.64","13","1","668.86","1284.92","34.47"
"synthetic-high-0226","synthetic","high","43.3","9","17","12","106.92","52","5","4586","16216.17","247.27"
"synthetic-high-0266","synthetic","high","44.89","9","21","11","809.94","43","5","6161.17","9503.52","176.08"
"synthetic-high-0108","synthetic","high","54.57","14","45","10","432.92","52","8","5475.87","14153.54","320.89"
"synthetic-low-0217","synthetic","low","5.08","0","8","1","739","16","0","271.78","1141.99","38.77"
"synthetic-low-0189","synthetic","low","8.02","0","4","1","434.98","6","1","350.3","1512.77","43.05"
"synthetic-high-0251","synthetic","high","56.7","13","18","7","479.49","83","10","4560.87","9831.01","269.72"
"synthetic-low-0201","synthetic","low","12.99","1","7","1","545.37","17","0","297.05","2205.65","48.8"
"synthetic-high-0202","synthetic","high","56.09","9","42","13","853.8","74","10","4019.82","11976.66","198.65"
"synthetic-high-0276","synthetic","high","35.54","10","42","19","577.94","53","4","3318.39","8181.08","270.42"
"synthetic-high-0119","synthetic","high","42.04","12","45","15","609.58","50","10","6530.84","7820.09","147.29"
"synthetic-high-0112","synthetic","high","49.95","12","44","11","594.57","76","8","2998.44","7848.21","220.28"
"synthetic-low-0165","synthetic","low","12.52","0","8","2","411.76","32","1","470.21","1182.41","25.7"
"synthetic-low-0058","synthetic","low","9.17","0","4","2","418.46","10","1","441.07","1433.83","59.92"